weight	classification	source	location	subject	claim
LOAD-BEARING	NO-SUBJECT	docstring	boltrig/adapters/base.py:19		Resolved secret material.
LOAD-BEARING	NO-SUBJECT	docstring	boltrig/adapters/base.py:32		The bearer token carried by kernel-resolved credential material, or None.
LOAD-BEARING	NO-SUBJECT	comment	boltrig/adapters/builtin/inbound_webhook.py:277		constant-time compare, unchanged (SEC-05): never branch on secret bytes.
LOAD-BEARING	NO-SUBJECT	comment	boltrig/adapters/builtin/runpod.py:113		Fail closed: never post an empty bearer (SEC-04/05).
LOAD-BEARING	NO-SUBJECT	docstring	boltrig/adapters/builtin/script_base.py:1		Shared harness for script-runtime builtin adapters (subprocess CLIs).
LOAD-BEARING	NO-SUBJECT	comment	boltrig/adapters/builtin/xai_voice.py:153		Fail closed: never post an empty bearer (SEC-04/05).
LOAD-BEARING	NO-SUBJECT	docstring	boltrig/adapters/http_base.py:123		Best-effort reachability probe.
LOAD-BEARING	NO-SUBJECT	docstring	boltrig/adapters/http_base.py:187		Turn credential material into request auth.
LOAD-BEARING	NO-SUBJECT	comment	boltrig/adapters/http_base.py:240		cannot reach internal services or steal a managed-identity token.
LOAD-BEARING	NO-SUBJECT	comment	boltrig/adapters/mcp_consumer.py:295		The kernel-resolved credential is the ONLY bearer source: no instance
LOAD-BEARING	NO-SUBJECT	comment	boltrig/adapters/mcp_consumer.py:297		credential fails closed rather than posting an empty bearer.
LOAD-BEARING	NO-SUBJECT	comment	boltrig/adapters/mcp_consumer.py:344		guard for connect()): never post an empty bearer, which would be an
LOAD-BEARING	NO-SUBJECT	comment	boltrig/adapters/mcp_transport.py:128		server reads Authorization (it is the only header the Opbox /mcp door
LOAD-BEARING	NO-SUBJECT	comment	boltrig/adapters/mcp_transport.py:130		bearer form.
LOAD-BEARING	NO-SUBJECT	docstring	boltrig/adapters/mcp_transport.py:52		A final (post-retry) HTTP refusal, carrying ONLY the status code: the body can echo the request back, credential headers included, so it never crosses this boundary.
LOAD-BEARING	NO-SUBJECT	docstring	boltrig/adapters/sql_base.py:148		A DSN may ride in on the credential (per-tenant database) or be the adapter default.
LOAD-BEARING	NO-SUBJECT	docstring	boltrig/api/auth_password_routes.py:34		The caller, ONLY if they proved the credential they are asking to retire.
LOAD-BEARING	NO-SUBJECT	comment	boltrig/api/auth_password_routes.py:92		Keys-only ([2026] VJS-COUNTY 7, D8): the fact of the rotation, never a password.
LOAD-BEARING	NO-SUBJECT	docstring	boltrig/api/auth_routes.py:1		First-party invite-only login HTTP surface ([2026] VJS-COUNTY 7).
LOAD-BEARING	NO-SUBJECT	docstring	boltrig/api/auth_routes.py:116		Materialise an org/workspace-scoped invite's provisioning on accept ([2026] VJS-COUNTY 8, D6).
LOAD-BEARING	NO-SUBJECT	comment	boltrig/api/auth_routes.py:556		store (never a plaintext column), and return the otpauth URI + secret + the
LOAD-BEARING	NO-SUBJECT	comment	boltrig/api/auth_routes.py:769		never a bypass.
LOAD-BEARING	NO-SUBJECT	docstring	boltrig/api/boot_guards.py:39		Abort if the audit-chain HMAC key is unset/default with a production signal (K-19).
LOAD-BEARING	NO-SUBJECT	comment	boltrig/api/boot_guards.py:70		audit log is tamper-evident.
LOAD-BEARING	NO-SUBJECT	docstring	boltrig/api/bootstrap.py:315		Bridge a HITL answer to the lane that can act on it (Beat 5, NFR-REL-03).
LOAD-BEARING	NO-SUBJECT	docstring	boltrig/api/chat_cli.py:46		The CLI config file (TOML), or {} when absent;
LOAD-BEARING	NO-SUBJECT	docstring	boltrig/api/chat_cli_http.py:30		A one-line, user-facing HTTP failure.
LOAD-BEARING	NO-SUBJECT	docstring	boltrig/api/fleet_health.py:1		`boltrig fleet-health` - a readiness probe for a process that serves no HTTP.
LOAD-BEARING	NO-SUBJECT	comment	boltrig/api/initiate.py:146		Audit the owner seed keys-only (D8): the email, never the password.
LOAD-BEARING	NO-SUBJECT	docstring	boltrig/api/initiate.py:187		Set (or reset) the first-party password of an EXISTING user.
LOAD-BEARING	NO-SUBJECT	docstring	boltrig/api/worker.py:98		Start the audit-rollup anchor janitor (COUNTY 9 D4), or None when disabled.
LOAD-BEARING	NO-SUBJECT	docstring	boltrig/config/admin.py:107		Surface adapter credential references (never values) for rotation view (US-ADM-03).
LOAD-BEARING	NO-SUBJECT	docstring	boltrig/config/birth_profile.py:30		Convert typed composition data to stable JSON solely for hashing.
LOAD-BEARING	NO-SUBJECT	docstring	boltrig/config/control_compat.py:1		Compatibility mutations routed through the governed ``control.*`` adapter.
LOAD-BEARING	NO-SUBJECT	docstring	boltrig/config/control_lifecycle.py:107		Unbind and delete the credential ref registration created, if unshared.
LOAD-BEARING	NO-SUBJECT	comment	boltrig/config/manifest.py:230		Long-conversation compaction (append-only derived summaries).
LOAD-BEARING	NO-SUBJECT	comment	boltrig/config/manifest.py:288		Long-conversation compaction knobs (append-only derived summaries).
LOAD-BEARING	NO-SUBJECT	docstring	boltrig/config/manifest.py:46		A reference to secret material - never the material itself (SEC-04).
LOAD-BEARING	NO-SUBJECT	docstring	boltrig/config/manifest.py:477		One non-negative rate as a float, or None when absent/malformed/negative.
LOAD-BEARING	NO-SUBJECT	comment	boltrig/config/permanent_fleet.py:196		The controlled mutation is one append-only desired-state write.
LOAD-BEARING	NO-SUBJECT	docstring	boltrig/config/weak_secrets.py:1		One predicate for "this secret is a placeholder, not a secret".
LOAD-BEARING	NO-SUBJECT	comment	boltrig/config/weak_secrets.py:24		Exact values that are never a real secret.
LOAD-BEARING	NO-SUBJECT	docstring	boltrig/fleet/application/grant_leases.py:57		Mint opaque credentials from trusted immutable authority snapshots only.
LOAD-BEARING	NO-SUBJECT	docstring	boltrig/fleet/application/model_proxy_grants.py:57		The bounded idempotent-startup cache cannot retain another bearer.
LOAD-BEARING	NO-SUBJECT	docstring	boltrig/fleet/application/model_proxy_store_projection.py:1		Fail-closed validation of model-proxy grant store return values.
LOAD-BEARING	NO-SUBJECT	docstring	boltrig/fleet/application/root_admission.py:17		The sole atomic, total path from trusted root facts to a persisted decision.
LOAD-BEARING	NO-SUBJECT	comment	boltrig/fleet/authority.py:40		never the tenant ceiling (that is the escalation this module exists to close).
LOAD-BEARING	NO-SUBJECT	docstring	boltrig/fleet/chat_compaction.py:1		Append-only conversation compaction helpers.
LOAD-BEARING	NO-SUBJECT	comment	boltrig/fleet/codex_runtime.py:225		caller, and carry only a cause tag - never token material.
LOAD-BEARING	NO-SUBJECT	comment	boltrig/fleet/continuity.py:171		deterministic and append-only (prefix stable), so SEC-46 still holds.
LOAD-BEARING	NO-SUBJECT	comment	boltrig/fleet/continuity.py:194		Long-conversation compaction (append-only DERIVED summaries).
LOAD-BEARING	NO-SUBJECT	docstring	boltrig/fleet/domain/codex_rollout.py:130		One exact tenant/workspace allowlist cell;
LOAD-BEARING	NO-SUBJECT	docstring	boltrig/fleet/domain/grant_lease.py:28		Durable lifecycle of a bearer digest, never of the bearer itself.
LOAD-BEARING	NO-SUBJECT	docstring	boltrig/fleet/held_write_resume.py:117		Re-enter the ONE chokepoint with the recorded call.
LOAD-BEARING	NO-SUBJECT	docstring	boltrig/fleet/held_write_resume.py:70		Whether this answered approval is still ours to redeem.
LOAD-BEARING	NO-SUBJECT	docstring	boltrig/fleet/infrastructure/cell_privilege.py:179		Prove a SPAWNED CELL's privilege state before it is handed any credential.
LOAD-BEARING	NO-SUBJECT	docstring	boltrig/fleet/infrastructure/cell_privilege.py:87		Read this process's real privilege state out of ``/proc``.
LOAD-BEARING	NO-SUBJECT	comment	boltrig/fleet/infrastructure/cell_spawner.py:389		slot's own contents FIRST, as the cell uid, so a later tenant never
LOAD-BEARING	NO-SUBJECT	docstring	boltrig/fleet/infrastructure/cell_spawner.py:563		Signal a cell by forking a reaper that shares its uid.
LOAD-BEARING	NO-SUBJECT	comment	boltrig/fleet/infrastructure/cell_spawner.py:622		that never did would leak a pid-table entry per cell until the container
LOAD-BEARING	NO-SUBJECT	docstring	boltrig/fleet/infrastructure/codex_cell_boundary.py:197		Assert Yama restricted ptrace, failing closed when it cannot be read (G5).
LOAD-BEARING	NO-SUBJECT	docstring	boltrig/fleet/infrastructure/codex_cell_boundary.py:230		Prove the named boundary is in force right now, or refuse to proceed (G4).
LOAD-BEARING	NO-SUBJECT	docstring	boltrig/fleet/infrastructure/codex_cell_policy.py:64		Supervisor-managed upstream Codex authentication, always redacted.
LOAD-BEARING	NO-SUBJECT	comment	boltrig/fleet/infrastructure/codex_model_proxy_server.py:200		Fail-closed: never reach upstream without an active bearer.
LOAD-BEARING	NO-SUBJECT	comment	boltrig/fleet/infrastructure/codex_model_proxy_server.py:245		Bounded, body-safe: never leak the key or the upstream error detail.
LOAD-BEARING	NO-SUBJECT	comment	boltrig/fleet/infrastructure/codex_runtime_config.py:107		lane and renders byte-identically to before.
LOAD-BEARING	NO-SUBJECT	comment	boltrig/fleet/infrastructure/codex_runtime_config.py:185		server or bearer env var was rewritten cannot match its receipt.
LOAD-BEARING	NO-SUBJECT	comment	boltrig/fleet/infrastructure/codex_runtime_config_argv.py:117		env var.
LOAD-BEARING	NO-SUBJECT	docstring	boltrig/fleet/infrastructure/codex_runtime_config_policy.py:119		Validate the kernel MCP endpoint a kernel-tools cell connects to.
LOAD-BEARING	NO-SUBJECT	docstring	boltrig/fleet/infrastructure/codex_runtime_config_policy.py:98		Validate the ABSTRACT ingress socket name the shared helper gets on argv.
LOAD-BEARING	NO-SUBJECT	docstring	boltrig/fleet/infrastructure/codex_runtime_config_toml.py:165		The ``[mcp_servers]`` section: empty, or exactly the kernel's own face.
LOAD-BEARING	NO-SUBJECT	comment	boltrig/fleet/infrastructure/codex_runtime_config_toml.py:19		so it is a fixed constant, never a per-run value.
LOAD-BEARING	NO-SUBJECT	docstring	boltrig/fleet/infrastructure/codex_stdio_transport.py:51		Content-free diagnostic labels for a codex stderr tail.
LOAD-BEARING	NO-SUBJECT	comment	boltrig/fleet/infrastructure/codex_trusted_proxy_provider.py:243		D1: fail closed BEFORE any provisioning or bearer mint can happen.
LOAD-BEARING	NO-SUBJECT	docstring	boltrig/fleet/infrastructure/codex_trusted_proxy_provider.py:572		Write the cell's config.toml and return the argv pinning the same values.
LOAD-BEARING	NO-SUBJECT	docstring	boltrig/fleet/infrastructure/codex_trusted_proxy_support.py:179		Build the cell scope from the child's REAL ``/proc`` identity (D3).
LOAD-BEARING	NO-SUBJECT	docstring	boltrig/fleet/infrastructure/model_proxy_peer_attestation.py:1		Bounded pidfd-backed attestation for an accepted model-auth Unix peer.
LOAD-BEARING	NO-SUBJECT	comment	boltrig/fleet/infrastructure/model_proxy_peer_attestation.py:102		peer-supplied data), so logging it cannot leak attacker content.
LOAD-BEARING	NO-SUBJECT	comment	boltrig/fleet/infrastructure/model_proxy_peer_listener.py:195		peer-supplied data, so this cannot leak attacker-controlled content.
LOAD-BEARING	NO-SUBJECT	docstring	boltrig/fleet/infrastructure/postgres_root_engine_decisions.py:42		Durable insert-once root decision store backed by PostgreSQL.
LOAD-BEARING	NO-SUBJECT	docstring	boltrig/fleet/lease_token.py:106		Does this row still carry the lease the token names? Used ONLY as an early exit before doing work - never as the fence.
LOAD-BEARING	NO-SUBJECT	docstring	boltrig/fleet/model_profiles.py:17		A named provider/model/base-url selection, never credential material.
LOAD-BEARING	NO-SUBJECT	docstring	boltrig/fleet/reflection.py:23		A short, deterministic lesson distilled from an outcome (Phase 3, US-WFL-07).
LOAD-BEARING	NO-SUBJECT	docstring	boltrig/fleet/stack_tool_health.py:1		Owner-local liveness evidence for first-party stack tools.
LOAD-BEARING	NO-SUBJECT	docstring	boltrig/fleet/stack_tool_receipts.py:1		Authenticated, expiring Redis receipts for fleet-owned tool health.
LOAD-BEARING	NO-SUBJECT	docstring	boltrig/fleet/stack_tool_receipts.py:87		Opaque tenant binding so signed evidence cannot cross tenant keys.
LOAD-BEARING	NO-SUBJECT	docstring	boltrig/identity/__init__.py:1		Identity and SSO: token verification, RBAC, and delegation (US-IAM-01..05).
LOAD-BEARING	NO-SUBJECT	comment	boltrig/identity/auth.py:73		RS256->HS256 / alg=none confusion cannot forge a token.
LOAD-BEARING	NO-SUBJECT	comment	boltrig/identity/auth.py:75		A token may not claim a longer life than this regardless of its exp (IAM-03).
LOAD-BEARING	NO-SUBJECT	docstring	boltrig/identity/delegation.py:43		Exchange a user token for a scoped downstream token (RFC 8693 seam).
LOAD-BEARING	NO-SUBJECT	docstring	boltrig/identity/invites.py:21		A fresh high-entropy single-use invite secret (shown once, never stored).
LOAD-BEARING	NO-SUBJECT	docstring	boltrig/identity/invites.py:26		The at-rest representation of an invite token: its sha256, never the secret.
LOAD-BEARING	NO-SUBJECT	comment	boltrig/identity/passwords.py:25		A minimum-length floor so accept-invite cannot set a trivially weak password.
LOAD-BEARING	NO-SUBJECT	comment	boltrig/identity/passwords.py:81		never as an error that could distinguish it from a wrong password.
LOAD-BEARING	NO-SUBJECT	docstring	boltrig/identity/rbac.py:284		The Knowledge access scopes a caller may use (SEC-KNO-01), derived server-side from the authenticated principal - never from caller-supplied context keys: their own user (and the user they act on behalf of), the active w
LOAD-BEARING	NO-SUBJECT	comment	boltrig/identity/rbac.py:34		Returned when no IdP group matches any mapping.
LOAD-BEARING	NO-SUBJECT	docstring	boltrig/identity/rbac.py:52		Map a caller's IdP groups to (platform_role, merged_scope) (US-IAM-02).
LOAD-BEARING	NO-SUBJECT	comment	boltrig/identity/sessions.py:300		it (fail-closed, D3).
LOAD-BEARING	NO-SUBJECT	comment	boltrig/identity/sessions.py:306		compare.
LOAD-BEARING	NO-SUBJECT	comment	boltrig/identity/sessions.py:350		closed, so the kernel never carries a stale or cross-org workspace scope.
LOAD-BEARING	NO-SUBJECT	docstring	boltrig/identity/sessions.py:71		A fresh high-entropy session secret (the cookie value;
LOAD-BEARING	NO-SUBJECT	docstring	boltrig/identity/sessions.py:76		The at-rest representation of a session: its sha256, never the secret.
LOAD-BEARING	NO-SUBJECT	docstring	boltrig/identity/tokens.py:1		Personal access tokens (Round Four PAT, SEC-34).
LOAD-BEARING	NO-SUBJECT	comment	boltrig/identity/tokens.py:102		read fails closed - a valid token would 401 as "de-provisioned".
LOAD-BEARING	NO-SUBJECT	docstring	boltrig/identity/tokens.py:35		The at-rest representation of a PAT: a SHA-256 hash, never the secret.
LOAD-BEARING	NO-SUBJECT	docstring	boltrig/identity/totp.py:152		A fresh high-entropy 2FA login challenge token (never stored raw).
LOAD-BEARING	NO-SUBJECT	docstring	boltrig/identity/totp.py:157		The at-rest sha256 of a challenge token - never the token itself (D3).
LOAD-BEARING	NO-SUBJECT	docstring	boltrig/identity/totp.py:72		The ``otpauth://`` URI for the QR shown ONCE at enroll-begin.
LOAD-BEARING	NO-SUBJECT	comment	boltrig/identity/totp.py:97		A corrupt/foreign secret is a non-match (fail-closed), never an error
LOAD-BEARING	NO-SUBJECT	docstring	boltrig/kernel/access_routes.py:1		Round Four HTTP surface: settings, personal access tokens, sessions, user directory and invitations - the account & access-management surface.
LOAD-BEARING	NO-SUBJECT	docstring	boltrig/kernel/access_routes.py:103		An AI-config row for listing: provider/model + WHETHER a key is set, NEVER the key itself (the secret lives only in the sealed credential store).
LOAD-BEARING	NO-SUBJECT	docstring	boltrig/kernel/access_routes.py:140		An organisation for the management surface: the policy flags + handle, NEVER any secret (AI keys live in the sealed credential store, not here).
LOAD-BEARING	NO-SUBJECT	docstring	boltrig/kernel/access_routes.py:163		Authorize workspace management, returning the row and optional denial.
LOAD-BEARING	NO-SUBJECT	comment	boltrig/kernel/access_routes.py:242		keys-only audit: the length, never the answer text (K-20 / US-CONV-08).
LOAD-BEARING	NO-SUBJECT	comment	boltrig/kernel/access_routes.py:277		the pump (in a finally).
LOAD-BEARING	NO-SUBJECT	comment	boltrig/kernel/access_routes.py:467		active org is NEVER trusted.
LOAD-BEARING	NO-SUBJECT	comment	boltrig/kernel/access_routes.py:644		handle + policy flags, never a secret.
LOAD-BEARING	NO-SUBJECT	comment	boltrig/kernel/access_routes.py:680		add-member picker;
LOAD-BEARING	NO-SUBJECT	docstring	boltrig/kernel/access_routes.py:76		A PAT for listing: never the secret or the hash (PAT-02).
LOAD-BEARING	NO-SUBJECT	comment	boltrig/kernel/app.py:505		fail-closed to the caller's scope.
LOAD-BEARING	NO-SUBJECT	comment	boltrig/kernel/app.py:735		user has a password), so they are always wired.
LOAD-BEARING	NO-SUBJECT	docstring	boltrig/kernel/approval_gate.py:37		Return approval context that is faithful but never a secret store.
LOAD-BEARING	NO-SUBJECT	docstring	boltrig/kernel/audit.py:146		Bounded-observability scrub (K-20).
LOAD-BEARING	NO-SUBJECT	comment	boltrig/kernel/audit.py:36		argues for never rotating a LEAKED key.
LOAD-BEARING	NO-SUBJECT	docstring	boltrig/kernel/channel_notify.py:50		The recipient subjects a matching pref addresses (SEC-179).
LOAD-BEARING	NO-SUBJECT	docstring	boltrig/kernel/channel_routes.py:212		SEC-181 adjacency: a SECURE question's answer is sealed as a run/purpose-scoped credential reference by the secure-input surface;
LOAD-BEARING	NO-SUBJECT	docstring	boltrig/kernel/cost.py:115		Apply ``(input_rate, output_rate)`` to one run's reported usage.
LOAD-BEARING	NO-SUBJECT	docstring	boltrig/kernel/credentials.py:163		Fetch the material behind a stored credential REFERENCE ({store, ref}) through the SecretStore seam.
LOAD-BEARING	NO-SUBJECT	docstring	boltrig/kernel/credentials.py:203		Resolve one parsed reference to its material, FAIL CLOSED: only the SAME run AND the SAME owner may resolve it, only a genuine secure-answer row whose embedded run/purpose match the reference exactly qualifies (a tampere
LOAD-BEARING	NO-SUBJECT	docstring	boltrig/kernel/credentials.py:334		Delete every run-scoped secure-input credential of a finished run.
LOAD-BEARING	NO-SUBJECT	docstring	boltrig/kernel/desktop_routes.py:1		Desktop-hands pull surface (decision 0016, DH-1).
LOAD-BEARING	NO-SUBJECT	comment	boltrig/kernel/desktop_routes.py:82		was never issued): refuse, and do not audit a no-op as execution
LOAD-BEARING	NO-SUBJECT	comment	boltrig/kernel/dispatch.py:199		observability side-channel - like audit, it never affects the dispatch
LOAD-BEARING	NO-SUBJECT	docstring	boltrig/kernel/dispatch.py:207		Record a security signal on the distinct stream (D3), at the same field depth as the audit row.
LOAD-BEARING	NO-SUBJECT	docstring	boltrig/kernel/dispatch.py:244		Announce the pause AND make it durable (decision 0018, Order 2).
LOAD-BEARING	NO-SUBJECT	comment	boltrig/kernel/dispatch.py:324		scoped credential reference (the value never enters the run) and
LOAD-BEARING	NO-SUBJECT	comment	boltrig/kernel/dispatch.py:403		audit row (actor / workspace / ip / ua).
LOAD-BEARING	NO-SUBJECT	comment	boltrig/kernel/dispatch.py:675		minted straight into the credential arg, never into params/events/audit.
LOAD-BEARING	NO-SUBJECT	docstring	boltrig/kernel/events.py:39		A tenant-bound relay view for trusted turn-executor integrations.
LOAD-BEARING	NO-SUBJECT	comment	boltrig/kernel/held_call.py:54		without guessing.
LOAD-BEARING	NO-SUBJECT	docstring	boltrig/kernel/hitl_http.py:231		Owner-only, fail-closed answer to a QUESTION request (US-CHAT-12).
LOAD-BEARING	NO-SUBJECT	comment	boltrig/kernel/pii.py:108		the audit scrubber; at the other five a truthy answer REFUSES.
LOAD-BEARING	NO-SUBJECT	docstring	boltrig/kernel/pii.py:131		Return the name of the first identity pattern found, or None.
LOAD-BEARING	NO-SUBJECT	comment	boltrig/kernel/pii.py:25		Secret patterns that must NEVER reach the audit record (K-20).
LOAD-BEARING	NO-SUBJECT	comment	boltrig/kernel/platform_routes/observability.py:113		tenant fence makes this org-scoped fail-closed;
LOAD-BEARING	NO-SUBJECT	comment	boltrig/kernel/platform_routes/observability.py:153		its own disclosure.
LOAD-BEARING	NO-SUBJECT	comment	boltrig/kernel/questions.py:106		a label for the audit row, never a loadable adapter.
LOAD-BEARING	NO-SUBJECT	comment	boltrig/kernel/run_event_projection.py:30		Capped, because this now reaches the append-only audit row and not only the
LOAD-BEARING	NO-SUBJECT	docstring	boltrig/kernel/run_event_projection.py:48		Redact secret-shaped values before the internal run-event relay.
LOAD-BEARING	NO-SUBJECT	docstring	boltrig/kernel/security_events.py:104		Fail-safe convenience the auth / ratelimit / grant paths call.
LOAD-BEARING	NO-SUBJECT	comment	boltrig/knowledge/projections.py:256		bucket names, or DSN fragments never reach the agent or the audit log.
LOAD-BEARING	NO-SUBJECT	comment	boltrig/memory/adapter.py:134		--- audit helper (memory-governance events, contents never logged) ---
LOAD-BEARING	NO-SUBJECT	comment	boltrig/memory/adapter.py:215		SEC-45: audit the query/scope/count, never the contents.
LOAD-BEARING	NO-SUBJECT	comment	boltrig/memory/adapter.py:223		--- memory.improve (reweight;
LOAD-BEARING	NO-SUBJECT	comment	boltrig/memory/adapter_specs.py:105		Erasure is a compliance right, so it is not HITL-gated but is always
LOAD-BEARING	NO-SUBJECT	docstring	boltrig/memory/cognee.py:256		Engine-level weight sidecar: cognee has no per-item reweight primitive, so a signal adjusts the recall boost only - never scope or authority (SEC-41).
LOAD-BEARING	NO-SUBJECT	comment	boltrig/memory/embeddings.py:128		30x-redirecting and forwarding the API key elsewhere, so we never follow
LOAD-BEARING	NO-SUBJECT	docstring	boltrig/memory/engine.py:72		Reweight from a usage/feedback signal; return the number adjusted.
LOAD-BEARING	NO-SUBJECT	docstring	boltrig/memory/projections.py:1		Kernel-led memory projection fanout.
LOAD-BEARING	NO-SUBJECT	comment	boltrig/models/access.py:100		(fail-closed once past);
LOAD-BEARING	NO-SUBJECT	comment	boltrig/models/access.py:60		and never stored;
LOAD-BEARING	NO-SUBJECT	comment	boltrig/models/audit.py:82		never a secret here.
LOAD-BEARING	NO-SUBJECT	docstring	boltrig/models/birth_profile.py:1		Redacted process birth-profile startup evidence.
LOAD-BEARING	NO-SUBJECT	docstring	boltrig/models/channel_providers.py:153		Build a sealed-store row containing reference metadata only.
LOAD-BEARING	NO-SUBJECT	docstring	boltrig/models/channels.py:103		A verified external sender mapped to an internal identity, within a channel's tenant.
LOAD-BEARING	NO-SUBJECT	docstring	boltrig/models/channels.py:119		A durable outbound delivery for a socket-class channel (decision 0003, Phase 2).
LOAD-BEARING	NO-SUBJECT	comment	boltrig/models/context.py:27		AUTHORIZED the caller's membership every request (fail-closed to None), so it
LOAD-BEARING	NO-SUBJECT	docstring	boltrig/models/errors.py:95		No verb_binding resolves this verb for this tenant (fail-closed, K-13).
LOAD-BEARING	NO-SUBJECT	docstring	boltrig/models/grants.py:110		Tenant ∩ skill grants.
LOAD-BEARING	NO-SUBJECT	comment	boltrig/models/grants.py:28		identifier and so can never match a grant.
LOAD-BEARING	NO-SUBJECT	docstring	boltrig/models/grants.py:70		Match one grant pattern against a verb id (K-9 terminal-wildcard rule).
LOAD-BEARING	NO-SUBJECT	comment	boltrig/models/hitl.py:57		approval for one verb cannot authorise another, and the requester cannot
LOAD-BEARING	NO-SUBJECT	comment	boltrig/models/hitl.py:73		principal's department scope and must never be widened by a reader.
LOAD-BEARING	NO-SUBJECT	comment	boltrig/models/hitl.py:78		the answer as a run/purpose-scoped credential reference (never recording
LOAD-BEARING	NO-SUBJECT	comment	boltrig/models/libraries.py:31		never the kernel-owned credential material.
LOAD-BEARING	NO-SUBJECT	comment	boltrig/store/base.py:343		scope_id, so concurrent reserves on overlapping scopes cannot deadlock) and
LOAD-BEARING	NO-SUBJECT	comment	boltrig/store/base.py:347		open: scope A debited, scope B refuses, A stays charged for a call that never
LOAD-BEARING	NO-SUBJECT	comment	boltrig/store/base.py:502		cannot leak through a user view/export).
LOAD-BEARING	NO-SUBJECT	comment	boltrig/store/base.py:584		inside the bound tenant (None otherwise, fail-closed), so a switch can never
LOAD-BEARING	NO-SUBJECT	comment	boltrig/store/base.py:605		only ever returns a row inside the bound tenant (None otherwise, fail-closed).
LOAD-BEARING	NO-SUBJECT	comment	boltrig/store/base.py:617		rows inside the bound tenant, so a caller can never read another org/workspace's
LOAD-BEARING	NO-SUBJECT	comment	boltrig/store/base.py:79		here, so a growing audit table is never pulled into memory wholesale and
LOAD-BEARING	NO-SUBJECT	comment	boltrig/store/channels.py:198		predicate): a conflicting id from another tenant is a no-op, never a
LOAD-BEARING	NO-SUBJECT	comment	boltrig/store/conversation_contract.py:72		Hard retention purge excludes the tamper-evident audit ledger.
LOAD-BEARING	NO-SUBJECT	comment	boltrig/store/memory.py:1038		bound tenant's row, None otherwise (fail-closed).
LOAD-BEARING	NO-SUBJECT	comment	boltrig/store/memory.py:1043		of.
LOAD-BEARING	NO-SUBJECT	comment	boltrig/store/memory.py:1052		only ever returns the bound tenant's org, never another tenant's.
LOAD-BEARING	NO-SUBJECT	comment	boltrig/store/memory.py:1083		is inside the bound tenant, else None (fail-closed, never crosses tenants).
LOAD-BEARING	NO-SUBJECT	comment	boltrig/store/memory.py:1088		member of.
LOAD-BEARING	NO-SUBJECT	comment	boltrig/store/memory.py:1115		never returns this tenant's row (fail-closed, never crosses the boundary).
LOAD-BEARING	NO-SUBJECT	comment	boltrig/store/memory.py:151		Append-only derived compaction summaries, keyed by conversation id.
LOAD-BEARING	NO-SUBJECT	comment	boltrig/store/memory.py:185		secret itself lives SEALED in self._creds (credential_refs), never here.
LOAD-BEARING	NO-SUBJECT	comment	boltrig/store/memory.py:227		pointers, never a secret or business data.
LOAD-BEARING	NO-SUBJECT	comment	boltrig/store/memory.py:230		(tenant, level, scope_id);
LOAD-BEARING	NO-SUBJECT	comment	boltrig/store/memory.py:665		Append-only ([2026] VJS-COUNTY 4 keeps message content frozen): a summary
LOAD-BEARING	NO-SUBJECT	comment	boltrig/store/memory.py:679		messages AND their derived summaries;
LOAD-BEARING	NO-SUBJECT	comment	boltrig/store/postgres.py:1629		org, never another tenant's, joined through org_members.
LOAD-BEARING	NO-SUBJECT	comment	boltrig/store/postgres.py:1674		it can never return another tenant's row (None when absent, fail-closed).
LOAD-BEARING	NO-SUBJECT	comment	boltrig/store/postgres.py:1725		tenant's AI-config row (None when absent, fail-closed).
LOAD-BEARING	NO-SUBJECT	comment	boltrig/store/postgres.py:804		(tenant, user) rows, so another user's thread can never surface.
LOAD-BEARING	NO-SUBJECT	comment	boltrig/store/postgres.py:912		Append-only ([2026] VJS-COUNTY 4 keeps message content frozen): a summary
LOAD-BEARING	NO-SUBJECT	comment	boltrig/store/postgres.py:943		explicitly first.
LOAD-BEARING	NO-SUBJECT	compose	docker-compose.yml:48		M9 (SEC-69): no baked default credential.
LOAD-BEARING	SUBJECT-EXTERNAL	docstring	boltrig/adapters/builtin/channel_send.py:1	outbound_url	channel.send - the governed outbound egress verb (decision 0003).
LOAD-BEARING	SUBJECT-EXTERNAL	docstring	boltrig/adapters/builtin/crm_sql.py:1	contact	Reference SQL adapter: a CRM over a relational database (US-ADP-03, SEC-09).
LOAD-BEARING	SUBJECT-EXTERNAL	docstring	boltrig/adapters/builtin/familiar.py:1	familiar.express	The familiar's voluntary-expression adapter (source = 'builtin'), binding WL-3.
LOAD-BEARING	SUBJECT-EXTERNAL	docstring	boltrig/adapters/builtin/inbound_webhook.py:69	t	The exact bytes the HMAC binds: ``t + "." + canonical_body`` (M3/SEC-66).
LOAD-BEARING	SUBJECT-EXTERNAL	docstring	boltrig/adapters/loader.py:1	down	Dynamic adapter loading + hot reload + health (US-ADP-06, P1, NFR-MNT-02).
LOAD-BEARING	SUBJECT-EXTERNAL	docstring	boltrig/addons/__init__.py:205	tool	The HIGHEST consequence any addon reads off ``tool``.
LOAD-BEARING	SUBJECT-EXTERNAL	docstring	boltrig/api/chat_cli.py:1	BOLTRIG_CLI_TOKEN	``boltrig chat`` - the user-facing terminal client.
LOAD-BEARING	SUBJECT-EXTERNAL	docstring	boltrig/api/host_boundary.py:1	actor	Attribution for acts performed from the HOST SHELL ([2026] VJS-CC-BOLTRIG-OPERATOR-SEAT-001, D6).
LOAD-BEARING	SUBJECT-EXTERNAL	docstring	boltrig/api/host_boundary.py:33	subject	Record a host-boundary credential act on the security stream.
LOAD-BEARING	SUBJECT-EXTERNAL	docstring	boltrig/api/initiate.py:1	superadmin	``boltrig initiate`` - seat the founding OWNER ([2026] VJS-COUNTY 7, D7).
LOAD-BEARING	SUBJECT-EXTERNAL	docstring	boltrig/api/logging_config.py:1	LOGGING_CONFIG	One declared logging configuration for every boltrig process.
LOAD-BEARING	SUBJECT-EXTERNAL	docstring	boltrig/config/author_ratchet.py:40	stays_author	Refuse a crossing DOWN to exactly one active author.
LOAD-BEARING	SUBJECT-EXTERNAL	comment	boltrig/config/dev_posture.py:185	actor_tier	D4.
LOAD-BEARING	SUBJECT-EXTERNAL	docstring	boltrig/config/manifest.py:494	cost.py	One entry of the per-model price table, or None to drop it (FR-COST-04).
LOAD-BEARING	SUBJECT-EXTERNAL	docstring	boltrig/distill/adapter_night.py:1	distill.night	The ``distill.night`` orchestration: one governed verb for one night.
LOAD-BEARING	SUBJECT-EXTERNAL	docstring	boltrig/distill/corpus.py:200	target_tenant_id	Derive the tenant's training corpus from the governed record.
LOAD-BEARING	SUBJECT-EXTERNAL	docstring	boltrig/emotion/__init__.py:1	boltrig.observability.orb_presence	Boltrig's affective side-channel: a read-only emotion projection over run events.
LOAD-BEARING	SUBJECT-EXTERNAL	docstring	boltrig/fleet/anchor.py:231	seen	Publish one cycle, and treat an empty tenant list as a fault of its own.
LOAD-BEARING	SUBJECT-EXTERNAL	docstring	boltrig/fleet/anchor.py:98	sealed	What one sweep actually did, as three numbers the caller can judge.
LOAD-BEARING	SUBJECT-EXTERNAL	docstring	boltrig/fleet/authority.py:125	item	Route ``item`` to its department head, or ``None`` if unroutable (SEC-165).
LOAD-BEARING	SUBJECT-EXTERNAL	docstring	boltrig/fleet/chat_authority.py:1	org_members	Say when a chat turn has no usable authority.
LOAD-BEARING	SUBJECT-EXTERNAL	docstring	boltrig/fleet/codex_runtime.py:162	finally	The tool-enabled lane: the cell's only tools are the kernel's MCP face.
LOAD-BEARING	SUBJECT-EXTERNAL	docstring	boltrig/fleet/held_write_outcome.py:177	max_closed	Persist the continuation as a new assistant message on the conversation.
LOAD-BEARING	SUBJECT-EXTERNAL	docstring	boltrig/fleet/held_write_outcome.py:43	call_id	The continuation's frames, in the BOUNDED chat shape (K-20).
LOAD-BEARING	SUBJECT-EXTERNAL	docstring	boltrig/fleet/held_write_outcome.py:87	HitlRespond.tsx	The human's own words for WHY, bounded.
LOAD-BEARING	SUBJECT-EXTERNAL	docstring	boltrig/fleet/infrastructure/cell_privilege.py:118	no_new_privileges	Fail closed unless this process is non-root and holds no capabilities (J5).
LOAD-BEARING	SUBJECT-EXTERNAL	docstring	boltrig/fleet/infrastructure/cell_slots.py:1	CAP_CHOWN	Per-cell uid slots ([2026] VJS-CC-VJS 7 J2 and J10).
LOAD-BEARING	SUBJECT-EXTERNAL	docstring	boltrig/fleet/infrastructure/codex_kernel_tools_phase.py:193	assignment	The exact kernel-tools spec the adapter sends for ``assignment``.
LOAD-BEARING	SUBJECT-EXTERNAL	docstring	boltrig/fleet/infrastructure/codex_model_proxy_server.py:1	SO_PEERCRED	Per-cell loopback model proxy: authenticate a Codex cell's model calls by bearer and forward them to the shared gateway with the kernel-only key.
LOAD-BEARING	SUBJECT-EXTERNAL	docstring	boltrig/fleet/infrastructure/codex_runtime_config_argv.py:1	config.toml	Deterministic App Server argv pinning for security-critical Codex config.
LOAD-BEARING	SUBJECT-EXTERNAL	docstring	boltrig/fleet/infrastructure/codex_runtime_config_policy.py:72	codex_cell_boundary	Validate lexical paths; production must separately bind roots and reject symlinks.
LOAD-BEARING	SUBJECT-EXTERNAL	docstring	boltrig/fleet/infrastructure/codex_trusted_proxy_provider.py:538	auth.command	Refuse a second live cell while config.toml is unprotected (G3).
LOAD-BEARING	SUBJECT-EXTERNAL	docstring	boltrig/fleet/infrastructure/codex_trusted_proxy_support.py:1	model_auth_helper	Support values for the trusted single-tenant read-only Codex proxy provider.
LOAD-BEARING	SUBJECT-EXTERNAL	docstring	boltrig/fleet/model_gateway.py:1	model_router	Conversation-scoped model binding for an upstream gateway (Round Six, gap 3.2).
LOAD-BEARING	SUBJECT-EXTERNAL	docstring	boltrig/fleet/prompt_stack.py:1	prompt	Layered system-prompt composition per fleet tier (Corporate Brain Part III/V: character + overriding objective, kernel-composed).
LOAD-BEARING	SUBJECT-EXTERNAL	docstring	boltrig/fleet/pump.py:1	new_work_items	The delegation pump: the org goes live (Beat 4; US-FLT-06, US-EXE-06).
LOAD-BEARING	SUBJECT-EXTERNAL	docstring	boltrig/fleet/pump.py:108	error	A bounded, infrastructure-free error note for a FAILED item's result.
LOAD-BEARING	SUBJECT-EXTERNAL	docstring	boltrig/fleet/result.py:16	ok	The outcome of one ephemeral agent run (US-FLT-04).
LOAD-BEARING	SUBJECT-EXTERNAL	docstring	boltrig/fleet/result.py:99	tokens_used	A clearly-marked degraded result (no SDK / no key / backend down, P9).
LOAD-BEARING	SUBJECT-EXTERNAL	docstring	boltrig/fleet/runtime_resolver.py:69	pinned_policy	Resolve one runtime under either caller-routing or pinned profile policy.
LOAD-BEARING	SUBJECT-EXTERNAL	docstring	boltrig/fleet/spawn.py:194	subagent	Resolve the runtime and run the turn, refunding the reservation on a raise.
LOAD-BEARING	SUBJECT-EXTERNAL	docstring	boltrig/identity/delegation.py:1	delegated	On-behalf-of identity decisions and OBO token exchange (US-IAM-03/05, SEC-03).
LOAD-BEARING	SUBJECT-EXTERNAL	docstring	boltrig/identity/password_reset_evidence.py:22	not_observed_in_bounded_tail	Project no recipient, provider, address, exception, or message content.
LOAD-BEARING	SUBJECT-EXTERNAL	docstring	boltrig/identity/provisioning.py:1	users	Just-in-time user provisioning and current-grant resolution (Round Four USR).
LOAD-BEARING	SUBJECT-EXTERNAL	docstring	boltrig/identity/rbac.py:308	None	The caller's row-level department scope for work listing (US-IAM-02).
LOAD-BEARING	SUBJECT-EXTERNAL	docstring	boltrig/identity/sessions.py:166	realm_tenant_id	Resolve + RE-AUTHORIZE the session's ACTIVE org against CURRENT membership ([2026] VJS-COUNTY 11, D2/D3).
LOAD-BEARING	SUBJECT-EXTERNAL	docstring	boltrig/identity/totp.py:82	code	Whether ``code`` is a currently-valid TOTP for ``secret`` (constant-time).
LOAD-BEARING	SUBJECT-EXTERNAL	docstring	boltrig/kernel/audit.py:158	id	Bring the KEY within the scrub.
LOAD-BEARING	SUBJECT-EXTERNAL	docstring	boltrig/kernel/channel_policy.py:57	None	Resolve an opt-in thread ceiling, failing closed on malformed policy data.
LOAD-BEARING	SUBJECT-EXTERNAL	docstring	boltrig/kernel/channel_principal.py:1	unpaired_behavior	Channel gateway: the ChannelPrincipalResolver (decision 0003).
LOAD-BEARING	SUBJECT-EXTERNAL	docstring	boltrig/kernel/cost.py:159	tokens	Cost in micros for a run of ``tokens`` tokens (FR-COST-04, audit M14).
LOAD-BEARING	SUBJECT-EXTERNAL	docstring	boltrig/kernel/dispatch.py:83	schema_path	Validate, and return findings whose provenance is WHOLLY THE SCHEMA AND NAME-ONLY.
LOAD-BEARING	SUBJECT-EXTERNAL	docstring	boltrig/kernel/events.py:1	backlog	The run/conversation event stream relay (Round Two, US-CONV-03/07).
LOAD-BEARING	SUBJECT-EXTERNAL	docstring	boltrig/kernel/hitl.py:307	approval_id	The gate's authorisation check (SEC-14).
LOAD-BEARING	SUBJECT-EXTERNAL	docstring	boltrig/kernel/run_event_projection.py:18	schema_invalid	A bounded, VALUE-FREE description of a verb's params for the chat stream (K-20 bounded observability): the sorted top-level KEY NAMES and their count, never the values (which can carry secrets or untrusted content).
LOAD-BEARING	SUBJECT-EXTERNAL	docstring	boltrig/kernel/security_events.py:146	key	The deterministic rollup root over a contiguous audit-chain segment (D4).
LOAD-BEARING	SUBJECT-EXTERNAL	docstring	boltrig/kernel/sensing_policy.py:243	capture_policy.py	The effective capture policy for one device's daemons.
LOAD-BEARING	SUBJECT-EXTERNAL	docstring	boltrig/kernel/tool_disclosure.py:176	candidates	The ``tools/list`` payload for one run, in ranked order.
LOAD-BEARING	SUBJECT-EXTERNAL	docstring	boltrig/kernel/web_security.py:49	BOLTRIG_TRUST_CF_CONNECTING_IP	The caller's client IP for audit provenance and per-IP rate limits.
LOAD-BEARING	SUBJECT-EXTERNAL	docstring	boltrig/knowledge/service.py:38	extra	Scopes derived from the authenticated principal (SEC-KNO-01) - never from caller-supplied ``extra`` keys;
LOAD-BEARING	SUBJECT-EXTERNAL	docstring	boltrig/memory/session_distillation.py:54	memory.ingest.on_session_end	Read ``memory.ingest.on_session_end`` out of the raw manifest section.
LOAD-BEARING	SUBJECT-EXTERNAL	docstring	boltrig/models/access.py:166	token_hash	The durable, single-use password-reset claim.
LOAD-BEARING	SUBJECT-EXTERNAL	docstring	boltrig/models/ai_key_proposals.py:17	secret_ref	Metadata for one sealed, short-lived AI-key proposal.
LOAD-BEARING	SUBJECT-EXTERNAL	docstring	boltrig/models/audit.py:1	boltrig.kernel.audit	The audit event (S6.5).
LOAD-BEARING	SUBJECT-EXTERNAL	docstring	boltrig/models/channels.py:86	owner_lease_id	Kernel-private ownership fence for one socket channel.
LOAD-BEARING	SUBJECT-EXTERNAL	docstring	boltrig/models/egress_diversion.py:1	boltrig.config.dev_egress	The egress diversion value type: what a diverted send IS, not when it applies.
LOAD-BEARING	SUBJECT-EXTERNAL	comment	boltrig/models/errors.py:51	hints	enters an append-only hash-chained store;
LOAD-BEARING	SUBJECT-EXTERNAL	docstring	boltrig/models/grants.py:102	verb_id	True iff this set authorises ``verb_id``.
LOAD-BEARING	SUBJECT-EXTERNAL	docstring	boltrig/models/memory.py:1	owner_scope	Round Five memory models: the governance + provenance control plane.
LOAD-BEARING	SUBJECT-EXTERNAL	docstring	boltrig/models/workflow_schedules.py:12	grant_ceiling	One active cron desire and its last scheduler observation.
LOAD-BEARING	SUBJECT-EXTERNAL	docstring	boltrig/models/workflow_triggers.py:14	secret_hash	One approved event source bound to one stored workflow.
LOAD-BEARING	SUBJECT-EXTERNAL	docstring	boltrig/store/distillation_reads.py:78	idle_before	Threads last touched before ``idle_before``, still open, NOT yet distilled.
LOAD-BEARING	SUBJECT-EXTERNAL	docstring	boltrig/store/rls_pool.py:26	assume_role	SET LOCAL app.tenant_id from the request context.
LOAD-BEARING	SUBJECT-EXTERNAL	docstring	boltrig/workflows/library.py:163	LookupError	Start a workflow and return a run descriptor (Hatchet seam).
LOAD-BEARING	SUBJECT-EXTERNAL	docstring	boltrig/workflows/loop_contract.py:1	flow.loop	Closed declarative contract for bounded ``flow.loop`` expansion.
LOAD-BEARING	SUBJECT-EXTERNAL	docstring	boltrig/workflows/step_execution.py:112	None	The deterministic per-step idempotency key, or ``None``.
LOAD-BEARING	SUBJECT-REACHED	docstring	boltrig/adapters/base.py:1	Credential	The single adapter interface (S7.3).
LOAD-BEARING	SUBJECT-REACHED	docstring	boltrig/adapters/builtin/inbound_webhook.py:1	verify_and_normalise	Inbound webhook receiver helper (US-ADP-05).
LOAD-BEARING	SUBJECT-REACHED	docstring	boltrig/adapters/builtin/inbound_webhook.py:240	WebhookValidationError	Authenticate and validate an inbound webhook, returning a normalised work-item candidate (US-ADP-05).
LOAD-BEARING	SUBJECT-REACHED	docstring	boltrig/adapters/builtin/jira.py:1	_adf	Jira ticketing adapter (US-WRK-01).
LOAD-BEARING	SUBJECT-REACHED	docstring	boltrig/adapters/builtin/ms_graph.py:1	HttpAdapter	Microsoft Graph adapter (US-ADP-02).
LOAD-BEARING	SUBJECT-REACHED	docstring	boltrig/adapters/builtin/web_fetch.py:1	check_network_policy	The web.fetch adapter: internet access as a governed verb (Round Eight, S4).
LOAD-BEARING	SUBJECT-REACHED	docstring	boltrig/adapters/builtin/xai_voice.py:1	HttpAdapter	xAI voice (TTS / STT) as governed Boltrig verbs.
LOAD-BEARING	SUBJECT-REACHED	docstring	boltrig/adapters/egress.py:1	pinned_async_client_for_ip	The shared outbound-egress guard (Batch 1 INJ-02, Batch 2 CLOUD-03, H2/SEC-61).
LOAD-BEARING	SUBJECT-REACHED	docstring	boltrig/adapters/http_base.py:1	paginate	Reusable HTTP adapter base for ``runtime='http'`` integrations (S7.3).
LOAD-BEARING	SUBJECT-REACHED	docstring	boltrig/adapters/mcp_consumer.py:1	review_and_activate	Consume an external MCP server as a Boltrig adapter (Round Two, US-MCP-03).
LOAD-BEARING	SUBJECT-REACHED	docstring	boltrig/adapters/mcp_consumer.py:183	_consequence_hint	Discover the external server's tools and map them to VerbSpecs.
LOAD-BEARING	SUBJECT-REACHED	docstring	boltrig/adapters/mcp_consumer.py:197	probe	``probe`` runs bounded discovery without publishing live tool state.
LOAD-BEARING	SUBJECT-REACHED	docstring	boltrig/adapters/mcp_transport.py:1	McpHttpRefusal	The MCP Streamable-HTTP client transport the consumer speaks (US-MCP-03).
LOAD-BEARING	SUBJECT-REACHED	docstring	boltrig/adapters/mcp_transport.py:157	initialize	The MCP handshake, run lazily when a server demands a session.
LOAD-BEARING	SUBJECT-REACHED	docstring	boltrig/adapters/sql_base.py:1	db.execute_write	Reusable SQL adapter base for ``runtime='sql'`` integrations (US-ADP-03, SEC-09).
LOAD-BEARING	SUBJECT-REACHED	docstring	boltrig/addons/__init__.py:1	composed_version	Addons: integration-specific behaviour that ships only where it is provisioned.
LOAD-BEARING	SUBJECT-REACHED	docstring	boltrig/addons/__init__.py:53	ref	One declarative, kernel-evaluated add-on readiness requirement.
LOAD-BEARING	SUBJECT-REACHED	docstring	boltrig/api/audit_verify.py:1	AuditWriter.verify	`boltrig audit-verify` runs ``AuditWriter.verify`` from a shell, so a cron or a probe can re-derive the tamper-evidence chain without a Python session.
LOAD-BEARING	SUBJECT-REACHED	docstring	boltrig/api/auth_recovery_routes.py:1	deliver_password_reset	Public password recovery through the fail-closed ``deliver_password_reset`` seam.
LOAD-BEARING	SUBJECT-REACHED	docstring	boltrig/api/auth_recovery_routes.py:53	replace_password_reset_token	Use ``replace_password_reset_token`` to issue only for an active credential-backed identity, then call ``deliver_password_reset`` once.
LOAD-BEARING	SUBJECT-REACHED	docstring	boltrig/api/auth_routes.py:271	verify_totp	Load the SEALED base32 TOTP secret for a ref, kernel-side, at verify time.
LOAD-BEARING	SUBJECT-REACHED	comment	boltrig/api/auth_routes.py:387	_audit	Keys-only via `_audit`: invitation id + email, never the password (SEC-191).
LOAD-BEARING	SUBJECT-REACHED	comment	boltrig/api/auth_routes.py:420	_audit	the distinct stream, same keys-only dict discipline as `_audit`: email, never a secret.
LOAD-BEARING	SUBJECT-REACHED	comment	boltrig/api/auth_routes.py:481	_audit	Keys-only via `_audit`: the session id, never the secret / csrf / password (D8, SEC-191).
LOAD-BEARING	SUBJECT-REACHED	comment	boltrig/api/auth_routes.py:612	_audit	Keys-only via `_audit` (D5): enrollment-begin only, NEVER the secret, the otpauth
LOAD-BEARING	SUBJECT-REACHED	docstring	boltrig/api/bootstrap.py:205	mcp.consume	Register external MCP servers declared in the bundle's manifest (`mcp.consume`), each INERT pending review (SEC-22) - the review/activate route still gates them.
LOAD-BEARING	SUBJECT-REACHED	docstring	boltrig/api/codex_execution.py:76	RootEngineDecision	Record one shadow ``RootEngineDecision`` for a chat root, execution-neutral.
LOAD-BEARING	SUBJECT-REACHED	docstring	boltrig/api/config_validate.py:1	load_manifest	``boltrig config-validate`` - parse a manifest with the SHIPPING code (task #59).
LOAD-BEARING	SUBJECT-REACHED	comment	boltrig/api/host_boundary.py:69	SecurityWriter	addresses: the ``SecurityWriter`` ledger is append-only.
LOAD-BEARING	SUBJECT-REACHED	docstring	boltrig/api/mint_token.py:1	resolve_pat_principal	``boltrig mint-token`` - mint a Personal Access Token for an EXISTING user.
LOAD-BEARING	SUBJECT-REACHED	docstring	boltrig/api/readiness.py:36	browser_automation_wanted	The stack tools THIS tenant's readiness may require.
LOAD-BEARING	SUBJECT-REACHED	docstring	boltrig/api/worker.py:118	purge_closed_conversations	Start the retention janitor (M11 / SEC-74), or None when disabled.
LOAD-BEARING	SUBJECT-REACHED	docstring	boltrig/config/admin.py:1	ConfigRevision	AdminConfig - the Admin Console service (Round Three, Epic ADM).
LOAD-BEARING	SUBJECT-REACHED	docstring	boltrig/config/control_lifecycle.py:1	control.adapter.activate	Governed adapter suspension and removal - the inverse of activation (SEC-22).
LOAD-BEARING	SUBJECT-REACHED	docstring	boltrig/config/dev_egress.py:1	require_codex_trusted_posture	DEV-MODE EGRESS LOOPBACK: governed outbound sends diverted back into the stack that raised them, so nothing reaches a real recipient during development.
LOAD-BEARING	SUBJECT-REACHED	docstring	boltrig/config/dev_egress.py:114	dev_posture.posture_block	Return why the diversion does NOT apply, or None when it does.
LOAD-BEARING	SUBJECT-REACHED	docstring	boltrig/config/dev_posture.py:1	hitl_response_auth._sole_active_author	DEVELOPMENT POSTURE: the four-eyes independence rule, suspended on a declared tenant, for development.
LOAD-BEARING	SUBJECT-REACHED	docstring	boltrig/config/dev_posture.py:138	DevelopmentPosture	Return why this ``DevelopmentPosture`` does NOT apply, or None when it does.
LOAD-BEARING	SUBJECT-REACHED	docstring	boltrig/config/manifest_reconcile.py:1	plan_capability_reconciliation	Scoped-declarative capability reconciliation for ``apply_manifest``.
LOAD-BEARING	SUBJECT-REACHED	docstring	boltrig/distill/adapter.py:1	boltrig.distill.bootstrap.register_distill	The ``distill`` adapter: sleep distillation as governed verbs (decision 0023).
LOAD-BEARING	SUBJECT-REACHED	docstring	boltrig/distill/corpus.py:1	kernel.pii.redact	Sleep-distillation corpus builder (decision 0023, DIS-1..3).
LOAD-BEARING	SUBJECT-REACHED	docstring	boltrig/distill/corpus.py:141	redact	Redact PII spans first, then refuse the record if a true secret remains.
LOAD-BEARING	SUBJECT-REACHED	docstring	boltrig/distill/corpus_identity.py:1	record_id	Corpus identity: content fingerprints, exact dedup, and the digest.
LOAD-BEARING	SUBJECT-REACHED	docstring	boltrig/emotion/engine.py:77	appraise	Deterministic emotion state advanced only by explicit timestamps (EMO-3).
LOAD-BEARING	SUBJECT-REACHED	docstring	boltrig/emotion/relay.py:1	_react	Emotion relay: the affective side-channel tapped off the kernel's event stream.
LOAD-BEARING	SUBJECT-REACHED	docstring	boltrig/emotion/tables.py:32	appraise	One relay-event matching rule; the first matching rule wins.
LOAD-BEARING	SUBJECT-REACHED	docstring	boltrig/fleet/anchor.py:1	boltrig.kernel.security_events.AuditAnchorer	Periodic audit-rollup anchoring ([2026] VJS-COUNTY 9, D4).
LOAD-BEARING	SUBJECT-REACHED	docstring	boltrig/fleet/anchor.py:116	store.list_orgs	Anchor every tenant's un-anchored tail once, reporting what was seen.
LOAD-BEARING	SUBJECT-REACHED	docstring	boltrig/fleet/anchor.py:145	run_forever	Loop :func:`run_anchor_sweep_detailed` forever; cancellable, idle-sleeping.
LOAD-BEARING	SUBJECT-REACHED	docstring	boltrig/fleet/authority.py:1	GrantChecker	Whose authority a delegated run carries (SEC-164, SEC-165).
LOAD-BEARING	SUBJECT-REACHED	docstring	boltrig/fleet/authority.py:46	effective_grants_for_request	The grants of the principal ``item`` is executed on behalf of (SEC-164).
LOAD-BEARING	SUBJECT-REACHED	docstring	boltrig/fleet/authority.py:86	GrantChecker	The item's EXECUTION context, capped to the requesting principal (SEC-164).
LOAD-BEARING	SUBJECT-REACHED	docstring	boltrig/fleet/bifrost_model_catalogue.py:1	BifrostModelCatalogue	Bounded, read-only discovery of the stack-owned Bifrost model catalogue.
LOAD-BEARING	SUBJECT-REACHED	docstring	boltrig/fleet/browser_runtime.py:1	needs_browser_cli	Whether this deployment runs the fleet image's Chromium at all.
LOAD-BEARING	SUBJECT-REACHED	docstring	boltrig/fleet/browser_runtime.py:47	needs_browser_cli	True iff the tenant's manifest declares browser automation, per ``needs_browser_cli``.
LOAD-BEARING	SUBJECT-REACHED	docstring	boltrig/fleet/chat.py:1	ChatQueueService	The conversational service (Round Two, Epic CONV).
LOAD-BEARING	SUBJECT-REACHED	docstring	boltrig/fleet/chat_authority.py:42	on_behalf_adapter_id	Seal the caller's clamped external bearer for the adapter that claims it.
LOAD-BEARING	SUBJECT-REACHED	docstring	boltrig/fleet/chat_authority.py:73	resolve_run_scoped_credential	Carry the parent run's sealed bearer down to a delegated child run.
LOAD-BEARING	SUBJECT-REACHED	docstring	boltrig/fleet/chat_idempotency.py:1	IdempotencyCoordinator	Exactly once per user message, on the surface a human actually types into.
LOAD-BEARING	SUBJECT-REACHED	docstring	boltrig/fleet/chief_of_staff.py:1	Runtime	The tier-1 permanent agent: the Chief of Staff (US-FLT-01).
LOAD-BEARING	SUBJECT-REACHED	docstring	boltrig/fleet/codex_runtime.py:1	CodexRuntime	Runtime-protocol adapter over a supervised read-only Codex phase.
LOAD-BEARING	SUBJECT-REACHED	docstring	boltrig/fleet/codex_trusted_wall.py:1	model_proxy_peer_ancestry._registration_matches_process	The dev/prod wall for the trusted Codex runtime ([2026] VJS-CC-VJS 2, D1; 7, J8).
LOAD-BEARING	SUBJECT-REACHED	docstring	boltrig/fleet/continuity.py:1	chat_turn_execution._turn_task	Cross-turn conversation continuity (Round Six, gap 3.1).
LOAD-BEARING	SUBJECT-REACHED	docstring	boltrig/fleet/continuity.py:183	list_messages	Render an ordered message list as an append-only transcript.
LOAD-BEARING	SUBJECT-REACHED	docstring	boltrig/fleet/continuity.py:289	render_transcript	The task string for ``spawn()``.
LOAD-BEARING	SUBJECT-REACHED	docstring	boltrig/fleet/department_head.py:1	Spawner	The tier-2 permanent agent: a Department Head (US-FLT-02, US-EXE-04).
LOAD-BEARING	SUBJECT-REACHED	docstring	boltrig/fleet/department_head.py:82	work_item	Decompose and spawn children for ``work_item`` (one step, US-FLT-02).
LOAD-BEARING	SUBJECT-REACHED	docstring	boltrig/fleet/eval.py:1	EvalRun	EvalRunner - the evaluation harness (Round Three, Epic EVAL).
LOAD-BEARING	SUBJECT-REACHED	docstring	boltrig/fleet/held_write_resume.py:1	consume_approved_by	Replay a held write once a human has approved it (decision 0018, Orders 4/6/7).
LOAD-BEARING	SUBJECT-REACHED	docstring	boltrig/fleet/infrastructure/cell_lane.py:1	per_cell_uid_mode_available	The per-cell uid lane: one seam the supervisor talks to ([2026] VJS-CC-VJS 7 J1).
LOAD-BEARING	SUBJECT-REACHED	docstring	boltrig/fleet/infrastructure/cell_lane.py:62	spawn	Reserve a distinct per-cell uid slot, or refuse.
LOAD-BEARING	SUBJECT-REACHED	docstring	boltrig/fleet/infrastructure/cell_privilege.py:1	assert_unprivileged	Privilege state for the per-cell uid mode ([2026] VJS-CC-VJS 7 J3/J5).
LOAD-BEARING	SUBJECT-REACHED	docstring	boltrig/fleet/infrastructure/cell_spawner.py:1	CodexCellSupervisor._spawn	The minimal privileged spawner for per-cell uids ([2026] VJS-CC-VJS 7 J3).
LOAD-BEARING	SUBJECT-REACHED	docstring	boltrig/fleet/infrastructure/codex_cell_boundary.py:1	codex_cell_policy.validate_cell_layout	The named, kernel-enforced per-cell isolation boundary for Codex cells.
LOAD-BEARING	SUBJECT-REACHED	docstring	boltrig/fleet/infrastructure/codex_cell_policy.py:367	sanitized_environment	Validate per-cell env additions (the kernel-tools MCP bearer delivery).
LOAD-BEARING	SUBJECT-REACHED	docstring	boltrig/fleet/infrastructure/codex_cell_provisioning.py:1	CodexPhaseAdmissionSource	A concrete read-only ``CodexPhaseAdmissionSource`` that provisions a cell.
LOAD-BEARING	SUBJECT-REACHED	docstring	boltrig/fleet/infrastructure/codex_kernel_tool_scope.py:1	McpFace.issue_run_token	The per-run kernel-tools scope: one run-scoped MCP token plus its ceiling.
LOAD-BEARING	SUBJECT-REACHED	docstring	boltrig/fleet/infrastructure/codex_kernel_tools_phase.py:1	ProfileRef	The kernel-tools Codex phase contract (adapter <-> admission source).
LOAD-BEARING	SUBJECT-REACHED	docstring	boltrig/fleet/infrastructure/codex_model_proxy_issuance.py:1	ModelProxyCellScope	Mint a per-cell model bearer for an ALREADY-ATTESTED cell scope (Stage B, 2b).
LOAD-BEARING	SUBJECT-REACHED	docstring	boltrig/fleet/infrastructure/codex_runtime_preflight.py:170	codex_mcp_tool_name	The kernel-tools lane's inventory is EXACTLY the kernel's own face.
LOAD-BEARING	SUBJECT-REACHED	docstring	boltrig/fleet/infrastructure/codex_runtime_state.py:42	validate_cell_layout	Best-effort removal of a per-run cell tree AFTER its cell is down.
LOAD-BEARING	SUBJECT-REACHED	docstring	boltrig/fleet/infrastructure/codex_server_request_handler.py:1	CodexRuntimeOperationError	Answer codex's server-initiated requests, deriving the answer from the kernel as the sole governing gate ([2026] VJS-COUNTY 12).
LOAD-BEARING	SUBJECT-REACHED	docstring	boltrig/fleet/infrastructure/codex_trusted_cell_config.py:28	kernel_tools_environment	``kernel_tools_environment`` carries the run-scoped MCP bearer.
LOAD-BEARING	SUBJECT-REACHED	docstring	boltrig/fleet/infrastructure/codex_trusted_proxy_ingress.py:1	_read_proc_identity	SO_PEERCRED socket ingress for the trusted Codex provider (Track 3, beat 3a).
LOAD-BEARING	SUBJECT-REACHED	docstring	boltrig/fleet/infrastructure/codex_trusted_proxy_ingress.py:119	build_cell_scope	Capture the started App Server's identity the way attestation captures it.
LOAD-BEARING	SUBJECT-REACHED	docstring	boltrig/fleet/infrastructure/codex_trusted_proxy_ingress.py:190	bind	A fresh unguessable ABSTRACT socket name, in the ``@name`` argv convention.
LOAD-BEARING	SUBJECT-REACHED	docstring	boltrig/fleet/infrastructure/codex_trusted_proxy_provider.py:1	kernel_tool_scopes	Trusted single-tenant read-only Codex phase-cell provider ([2026] VJS-CC-VJS 2).
LOAD-BEARING	SUBJECT-REACHED	docstring	boltrig/fleet/infrastructure/codex_trusted_proxy_provider.py:391	_abort_acquire	Capture the just-spawned App Server, declare its identity, register it.
LOAD-BEARING	SUBJECT-REACHED	docstring	boltrig/fleet/infrastructure/codex_trusted_proxy_support.py:228	assert_cell_isolation_boundary	Render the exact read-only config.toml pointing at the loopback proxy (D6).
LOAD-BEARING	SUBJECT-REACHED	docstring	boltrig/fleet/infrastructure/linux_peer_process_handle.py:49	_borrow	Deliver bytes to exactly this attested peer, then let the caller close.
LOAD-BEARING	SUBJECT-REACHED	docstring	boltrig/fleet/infrastructure/model_proxy_peer_listener.py:1	accept_once	Supervisor-ownable AF_UNIX ingress that attests each connecting peer.
LOAD-BEARING	SUBJECT-REACHED	docstring	boltrig/fleet/infrastructure/model_proxy_peer_listener.py:162	aclose	Accept, attest, and deliver a scoped bearer to each peer, forever.
LOAD-BEARING	SUBJECT-REACHED	docstring	boltrig/fleet/infrastructure/model_proxy_peer_registry.py:1	authorize	Atomic supervisor-owned registry for live Codex App Server identities.
LOAD-BEARING	SUBJECT-REACHED	docstring	boltrig/fleet/infrastructure/model_proxy_peer_registry.py:233	revoke	Run ``issue`` only while ``scope`` is registered LIVE, under the lock.
LOAD-BEARING	SUBJECT-REACHED	docstring	boltrig/fleet/infrastructure/model_proxy_tool_ceiling.py:1	CodexResponseStreamProcessor	Enforce a cell's tool ceiling on the model-call wire, and bridge Codex's MCP tool namespace across a gateway that cannot carry it (the one chokepoint).
LOAD-BEARING	SUBJECT-REACHED	docstring	boltrig/fleet/infrastructure/postgres_execution_ledger.py:97	MemoryLedgerState	Durable execution ledger backed by PostgreSQL.
LOAD-BEARING	SUBJECT-REACHED	docstring	boltrig/fleet/infrastructure/postgres_model_proxy_grants.py:44	MemoryModelProxyGrantStore	Durable model-proxy grant store backed by PostgreSQL.
LOAD-BEARING	SUBJECT-REACHED	docstring	boltrig/fleet/lease_token.py:1	Store.update_work_item_if_leased	The claim-time lease token, and the only fenced way to write a claimed row.
LOAD-BEARING	SUBJECT-REACHED	docstring	boltrig/fleet/lease_token.py:118	_record_failure	Write a claimed row, fenced on the claim-time token.
LOAD-BEARING	SUBJECT-REACHED	docstring	boltrig/fleet/pump.py:573	handle_claimed_item	Durably record a cooperative cancel ([2026] VJS-COUNTY 6, D1/D4).
LOAD-BEARING	SUBJECT-REACHED	docstring	boltrig/fleet/pump_progress.py:1	run_once	Windowed throughput evidence for the work pump.
LOAD-BEARING	SUBJECT-REACHED	docstring	boltrig/fleet/reflection.py:38	kernel.invoke	Distil one lesson and store it via the memory verb, best-effort (US-WFL-07).
LOAD-BEARING	SUBJECT-REACHED	docstring	boltrig/fleet/result.py:86	degrade	The bounded degrade tag this result carries, or None.
LOAD-BEARING	SUBJECT-REACHED	docstring	boltrig/fleet/retention.py:1	run_retention_once	Retention purge: hard-erasure of closed conversations (M11, right-to-erasure).
LOAD-BEARING	SUBJECT-REACHED	docstring	boltrig/fleet/runtime.py:1	build_runtime	The pluggable agent-runtime abstraction (P4, US-FLT-04).
LOAD-BEARING	SUBJECT-REACHED	docstring	boltrig/fleet/runtime.py:407	UnavailableRuntime	Select the runtime implementation for a capability (P4, US-FLT-04, US-RUN-01).
LOAD-BEARING	SUBJECT-REACHED	docstring	boltrig/fleet/spawn.py:295	_publish_subagent_end_event	Retire the bearer this child inherited, at the child's run terminal.
LOAD-BEARING	SUBJECT-REACHED	docstring	boltrig/fleet/spawn.py:322	_publish_subagent_event	Settle a delegated child on the parent relay (G3, SDK-CONTRACT §5).
LOAD-BEARING	SUBJECT-REACHED	docstring	boltrig/fleet/spawn.py:397	resolve_run_scoped_credential	Carry a run-scoped adapter bearer from the spawning run to its child.
LOAD-BEARING	SUBJECT-REACHED	docstring	boltrig/fleet/stack_tool_health.py:212	browser_automation_wanted	Probe only tools that execute in the fleet worker container.
LOAD-BEARING	SUBJECT-REACHED	docstring	boltrig/fleet/stack_tool_status.py:200	cached_snapshot	``cached_snapshot`` returns only an already-reported scoped snapshot.
LOAD-BEARING	SUBJECT-REACHED	docstring	boltrig/fleet/ultracode_memory.py:73	identity.rbac.memory_owner_scopes	Memory RBAC owner scopes derivable at this layer: the principal + org.
LOAD-BEARING	SUBJECT-REACHED	docstring	boltrig/fleet/workers.py:1	register_workers	The Hatchet integration seam (P6, US-EXE-02).
LOAD-BEARING	SUBJECT-REACHED	docstring	boltrig/identity/ai_keys.py:1	load_ai_key_material	Per-org / workspace / user AI-key resolution ([2026] VJS-COUNTY 8, D5).
LOAD-BEARING	SUBJECT-REACHED	docstring	boltrig/identity/ai_keys.py:132	get_credential_ref	Load the SEALED key material for a resolution, kernel-side, at call time.
LOAD-BEARING	SUBJECT-REACHED	docstring	boltrig/identity/ai_keys.py:31	provider	The outcome of AI-key resolution - metadata only, never secret material.
LOAD-BEARING	SUBJECT-REACHED	docstring	boltrig/identity/ai_keys.py:68	workspace_id	Resolve a text or vision AI key, precedence user -> workspace -> org -> default.
LOAD-BEARING	SUBJECT-REACHED	docstring	boltrig/identity/auth.py:1	dev_principal_resolver	Token verification and the principal resolver (US-IAM-01, SEC-01/02).
LOAD-BEARING	SUBJECT-REACHED	docstring	boltrig/identity/auth.py:176	verify	SAML assertion verification seam (US-IAM-01).
LOAD-BEARING	SUBJECT-REACHED	docstring	boltrig/identity/auth.py:236	Principal	Build a production ``PrincipalResolver`` from a verifier (US-IAM-01/02).
LOAD-BEARING	SUBJECT-REACHED	docstring	boltrig/identity/mailersend_password_reset.py:1	MailerSendPasswordResetNotifier	``MailerSendPasswordResetNotifier`` provides bounded MailerSend delivery.
LOAD-BEARING	SUBJECT-REACHED	docstring	boltrig/identity/passwords.py:1	verify_dummy	First-party password hashing ([2026] VJS-COUNTY 7, D4).
LOAD-BEARING	SUBJECT-REACHED	docstring	boltrig/identity/passwords.py:65	verify_dummy	Whether ``password`` matches the stored argon2 ``encoded`` hash (D4/D5).
LOAD-BEARING	SUBJECT-REACHED	docstring	boltrig/identity/provisioning.py:115	grants_for_scope	A role that implies authority must not arrive with a scope that grants none.
LOAD-BEARING	SUBJECT-REACHED	docstring	boltrig/identity/provisioning.py:150	ensure_user_record	Provision (or refresh) a user on authenticated login (US-USR-01/02).
LOAD-BEARING	SUBJECT-REACHED	docstring	boltrig/identity/provisioning.py:36	current_grants_for_user	The caller's EFFECTIVE grants for one request ([2026] VJS-COUNTY 8, D11).
LOAD-BEARING	SUBJECT-REACHED	docstring	boltrig/identity/rbac.py:1	GrantSet	IdP-group -> platform-role + visibility-scope mapping (US-IAM-02, SEC-07).
LOAD-BEARING	SUBJECT-REACHED	comment	boltrig/identity/rbac.py:128	provisioning._coherent_scope	Read by ``provisioning._coherent_scope`` when a scope was NEVER STATED.
LOAD-BEARING	SUBJECT-REACHED	docstring	boltrig/identity/rbac.py:149	provisioning._coherent_scope	Look ``role`` up in ``ORG_ROLE_DEFAULT_SCOPE``; ``None`` when it has no entry.
LOAD-BEARING	SUBJECT-REACHED	docstring	boltrig/identity/rbac.py:241	GrantSet.intersect	Narrow ``base`` (the caller's org/user grants) by a workspace role's ceiling ([2026] VJS-COUNTY 8, D11; composes with COUNTY 5 - intersect DOWN, never widen).
LOAD-BEARING	SUBJECT-REACHED	docstring	boltrig/identity/rbac.py:93	GrantSet	Turn a visibility scope into a verb ``GrantSet`` ceiling (US-IAM-02/04).
LOAD-BEARING	SUBJECT-REACHED	docstring	boltrig/identity/sessions.py:1	build_session_resolver	First-party browser sessions + the session principal resolver ([2026] VJS-COUNTY 7).
LOAD-BEARING	SUBJECT-REACHED	docstring	boltrig/identity/sessions.py:237	UserSession	Resolve a session cookie secret to a live :class:`UserSession`, else None.
LOAD-BEARING	SUBJECT-REACHED	docstring	boltrig/identity/sessions.py:85	store.add_session	Build a fresh :class:`UserSession` plus its ``(secret, csrf_token)``.
LOAD-BEARING	SUBJECT-REACHED	docstring	boltrig/identity/tenancy.py:1	create_org	Default-organisation backfill ([2026] VJS-COUNTY 8, D1).
LOAD-BEARING	SUBJECT-REACHED	docstring	boltrig/identity/tokens.py:50	resolve_pat_principal	Mint a PAT and return ``(record, secret)``; the secret is shown ONCE.
LOAD-BEARING	SUBJECT-REACHED	docstring	boltrig/identity/tokens.py:86	Principal	Resolve a PAT secret to a ``Principal``, or ``None`` if it is not usable.
LOAD-BEARING	SUBJECT-REACHED	docstring	boltrig/identity/totp.py:1	verify_totp	First-party TOTP two-factor + one-time recovery codes ([2026] VJS-COUNTY 10).
LOAD-BEARING	SUBJECT-REACHED	docstring	boltrig/kernel/app.py:1	Principal	The kernel HTTP surface (FastAPI) - a thin transport over the engine.
LOAD-BEARING	SUBJECT-REACHED	docstring	boltrig/kernel/audit.py:1	detail	Append-only, tamper-evident audit (SEC-16/17, K-19/K-20).
LOAD-BEARING	SUBJECT-REACHED	docstring	boltrig/kernel/audit.py:203	store.security_scan	Re-derive a tamper-evidence hash chain for a tenant from seq 1 upward.
LOAD-BEARING	SUBJECT-REACHED	docstring	boltrig/kernel/channel_notify.py:1	notify_work_item_result	Channel notification delivery (decision 0003, Phase 2; SEC-179).
LOAD-BEARING	SUBJECT-REACHED	docstring	boltrig/kernel/channel_principal.py:51	resolve_pat_principal	Resolve a VERIFIED channel sender to a Principal via its binding row, or ``None`` if the sender is unbound (the caller applies ``unpaired_behavior``).
LOAD-BEARING	SUBJECT-REACHED	docstring	boltrig/kernel/channel_routes.py:312	RateLimited	Opt-in self-serve onboarding for a customer-facing channel (SEC-180).
LOAD-BEARING	SUBJECT-REACHED	docstring	boltrig/kernel/cost.py:1	_rate_pair	Cost accounting and budget enforcement (US-COST-01/02, FR-COST-02/03/04).
LOAD-BEARING	SUBJECT-REACHED	docstring	boltrig/kernel/cost.py:330	reserve	Post-run cost true-up across every reserved scope (FR-COST-03, audit M14).
LOAD-BEARING	SUBJECT-REACHED	docstring	boltrig/kernel/credentials.py:1	resolve_run_scoped_params	Credential resolution (P3, US-KER-03, SEC-04/05, K-20).
LOAD-BEARING	SUBJECT-REACHED	docstring	boltrig/kernel/credentials.py:121	unbind_adapter_credential	Use ``unbind_adapter_credential`` to drop exactly the owned binding.
LOAD-BEARING	SUBJECT-REACHED	docstring	boltrig/kernel/credentials.py:171	owner_matches	Seal a secure question's answer as a run+purpose-scoped credential and return the REFERENCE string the run carries in its place.
LOAD-BEARING	SUBJECT-REACHED	docstring	boltrig/kernel/credentials.py:236	CredentialResolution	Return a copy of ``params`` with every run-scoped credential REFERENCE string replaced by its material (SEC-181).
LOAD-BEARING	SUBJECT-REACHED	docstring	boltrig/kernel/credentials.py:266	_execute_adapter	Seal a caller-supplied external bearer for ONE adapter for the life of ONE run (the permission-parity passthrough).
LOAD-BEARING	SUBJECT-REACHED	docstring	boltrig/kernel/credentials.py:303	Credential	Resolve a per-run adapter bearer to a ``Credential`` for this adapter, or ``None`` when none is sealed (so dispatch falls back to the adapter's static credential - the fail-safe that keeps dev/non-passthrough tenants unc
LOAD-BEARING	SUBJECT-REACHED	docstring	boltrig/kernel/dev_egress_runtime.py:1	diversion_block	Resolving the dev-egress loopback at runtime: the one place that reads the environment, so ``boltrig.config.dev_egress`` stays a pure decision.
LOAD-BEARING	SUBJECT-REACHED	docstring	boltrig/kernel/dispatch.py:1	Dispatcher.invoke	The dispatch chokepoint (P2, US-KER-01, K-1).
LOAD-BEARING	SUBJECT-REACHED	docstring	boltrig/kernel/dispatch.py:281	_emit_pause	Publish to THIS run and to the run that delegated to it.
LOAD-BEARING	SUBJECT-REACHED	docstring	boltrig/kernel/grants.py:1	GrantSet.permits	Grant enforcement (P8, SEC-07, US-IAM-04, K-2).
LOAD-BEARING	SUBJECT-REACHED	docstring	boltrig/kernel/grants.py:15	GrantMissing	Raise ``GrantMissing`` unless the verb is authorised.
LOAD-BEARING	SUBJECT-REACHED	docstring	boltrig/kernel/held_call.py:1	approval_gate._approval_display_context	The HELD CALL record: what a paused write is resumed FROM (decision 0018).
LOAD-BEARING	SUBJECT-REACHED	docstring	boltrig/kernel/held_call.py:281	sweep_run_scoped	Retire a finished run's sealed credentials, unless a held write still needs them.
LOAD-BEARING	SUBJECT-REACHED	docstring	boltrig/kernel/hitl.py:1	dispatch	Human-in-the-loop management (Epic K).
LOAD-BEARING	SUBJECT-REACHED	docstring	boltrig/kernel/hitl_expiry.py:92	transition_work_item_status	Settle the expired request's AWAITING_HUMAN work item at CANCELLED.
LOAD-BEARING	SUBJECT-REACHED	docstring	boltrig/kernel/hitl_http.py:138	SecurityWriter	THE RECORD THE POSTURE DOES NOT REMOVE: a ``SecurityWriter`` row.
LOAD-BEARING	SUBJECT-REACHED	docstring	boltrig/kernel/hitl_http.py:96	_approval_display_context	Is this exempted approval the one that ends the exemption? ([2026] VJS-CC-BOLTRIG-OPERATOR-SEAT-001, D4.) The sole-author exemption exists because a one-author tenant cannot satisfy four-eyes.
LOAD-BEARING	SUBJECT-REACHED	docstring	boltrig/kernel/hitl_response_auth.py:142	authorize_approval_response	ONE definition of who may lawfully answer an APPROVAL request.
LOAD-BEARING	SUBJECT-REACHED	docstring	boltrig/kernel/hitl_response_auth.py:301	approval_response_block	Require an independent, assigned human with the live action grant.
LOAD-BEARING	SUBJECT-REACHED	docstring	boltrig/kernel/mcp.py:1	initialize	The kernel's MCP server face (Round Two, Epic MCP).
LOAD-BEARING	SUBJECT-REACHED	docstring	boltrig/kernel/mcp_errors.py:1	_call_tool	Turning a kernel exception into the MCP result envelope a model actually reads.
LOAD-BEARING	SUBJECT-REACHED	docstring	boltrig/kernel/org_discovery_routes.py:18	list_orgs_for_email	List session switch candidates only from ``list_orgs_for_email`` for the caller identity.
LOAD-BEARING	SUBJECT-REACHED	docstring	boltrig/kernel/questions.py:1	apply_manifest	The governed "ask the user a question" built-in verb (US-CHAT-12).
LOAD-BEARING	SUBJECT-REACHED	docstring	boltrig/kernel/run_event_projection.py:1	_summarise_params	Where ``_summarise_params``, ``_summarise_output`` and ``_event_safe`` live.
LOAD-BEARING	SUBJECT-REACHED	docstring	boltrig/kernel/schema_diagnosis.py:1	contains_secret	What may be recorded about a schema-validation failure, and how it is read back.
LOAD-BEARING	SUBJECT-REACHED	comment	boltrig/kernel/schema_diagnosis.py:137	audit_detail	append-only ledger, and ``audit_detail`` is what implements it.
LOAD-BEARING	SUBJECT-REACHED	comment	boltrig/kernel/schema_diagnosis.py:65	write	Bounds on what ``write`` may store.
LOAD-BEARING	SUBJECT-REACHED	docstring	boltrig/kernel/security_events.py:1	detail	The distinct SecurityEvent stream + the audit rollup anchor ([2026] VJS-COUNTY 9).
LOAD-BEARING	SUBJECT-REACHED	docstring	boltrig/kernel/security_events.py:67	AuditWriter	Scrub, chain, and append a security signal.
LOAD-BEARING	SUBJECT-REACHED	docstring	boltrig/kernel/sensing_capability.py:1	Principal	The honest refusal: what a character is told when it asks to see.
LOAD-BEARING	SUBJECT-REACHED	docstring	boltrig/kernel/sensing_policy.py:1	parse_approval_posture	Camera and presence as first-class Boltrig services, governed in one place.
LOAD-BEARING	SUBJECT-REACHED	docstring	boltrig/kernel/sensing_routes.py:190	sensing_capability	What a caller asking for this capability right now is told.
LOAD-BEARING	SUBJECT-REACHED	docstring	boltrig/kernel/tool_disclosure.py:1	_ranking_key	Progressive tool disclosure: the ordered OFFER, computed away from authority.
LOAD-BEARING	SUBJECT-REACHED	docstring	boltrig/kernel/tool_disclosure.py:126	permits	Rank the granted verbs and return the first ``budget`` of them.
LOAD-BEARING	SUBJECT-REACHED	docstring	boltrig/kernel/tool_disclosure.py:58	normalize_identifier	The lowercase segment set of the run's loaded skill ids.
LOAD-BEARING	SUBJECT-REACHED	docstring	boltrig/memory/__init__.py:1	PgVectorMemoryEngine	Round Five memory subsystem (Epic MEM).
LOAD-BEARING	SUBJECT-REACHED	docstring	boltrig/memory/adapter.py:1	MemoryEngine	The MemoryAdapter: memory.* verbs behind the kernel chokepoint, and the kernel-side isolation boundary (Epic MEM, SEC-40..45).
LOAD-BEARING	SUBJECT-REACHED	docstring	boltrig/memory/cognee.py:1	MemoryEngine	Cognee Memory Engine (MEM-ENG-03): the ADOPTED production graph engine.
LOAD-BEARING	SUBJECT-REACHED	docstring	boltrig/memory/engine.py:1	LocalMemoryEngine	The engine-agnostic Memory Engine interface (MEM-ENG-02).
LOAD-BEARING	SUBJECT-REACHED	docstring	boltrig/memory/local.py:1	InMemoryStore	A minimal in-process Memory Engine reference for dev / offline (P9).
LOAD-BEARING	SUBJECT-REACHED	docstring	boltrig/memory/pgvector.py:1	VectorMemoryEngine	The Postgres + pgvector production Memory Engine (MEM-ENG-02).
LOAD-BEARING	SUBJECT-REACHED	docstring	boltrig/memory/session_distillation.py:1	list_idle_conversations	Distil a conversation into memory once it has gone quiet (`ingest.on_session_end`).
LOAD-BEARING	SUBJECT-REACHED	docstring	boltrig/memory/session_distillation.py:246	select_conversations_to_distil	Call ``select_conversations_to_distil`` then ``distil_conversation`` on a slow loop, never crashing the worker (P9).
LOAD-BEARING	SUBJECT-REACHED	docstring	boltrig/memory/vector.py:1	PgVectorMemoryEngine	The native vector Memory Engine reference (MEM-ENG-02).
LOAD-BEARING	SUBJECT-REACHED	docstring	boltrig/models/access.py:1	UserInvitation	Round Four access models: personal access tokens, invitations, settings, sessions (S R4 Ch.4).
LOAD-BEARING	SUBJECT-REACHED	docstring	boltrig/models/access.py:127	credential_refs	A user's TOTP second-factor enrolment state, kept in its OWN table apart from the identity row (like the password credential).
LOAD-BEARING	SUBJECT-REACHED	docstring	boltrig/models/audit.py:95	AuditEvent	A distinct, tamper-evident (hash-chained) security-signal row ([2026] VJS-COUNTY 9, D3).
LOAD-BEARING	SUBJECT-REACHED	docstring	boltrig/models/context.py:1	tenant_id	The invocation context that travels with every kernel call (S7.1).
LOAD-BEARING	SUBJECT-REACHED	docstring	boltrig/models/conversation.py:66	ChatConfig	A DERIVED, append-only compaction record over a conversation's older turns.
LOAD-BEARING	SUBJECT-REACHED	docstring	boltrig/models/errors.py:22	kernel.dispatch._validate	Verb params (or output) did not match the registered JSON Schema (SEC-21).
LOAD-BEARING	SUBJECT-REACHED	docstring	boltrig/models/grants.py:1	ticket.create	The grant primitive - least-privilege authority over verbs (P8, SEC-07).
LOAD-BEARING	SUBJECT-REACHED	docstring	boltrig/models/tenancy.py:105	tenant_id	A per-workspace membership (D3).
LOAD-BEARING	SUBJECT-REACHED	docstring	boltrig/models/tenancy.py:123	resolve_ai_key	A per-org / workspace / user AI-key configuration row ([2026] VJS-COUNTY 8 D5).
LOAD-BEARING	SUBJECT-REACHED	docstring	boltrig/models/tenancy.py:43	tenant_id	An organisation - the tenant boundary (D1).
LOAD-BEARING	SUBJECT-REACHED	docstring	boltrig/skills/loader.py:1	select_locale	Load the skill library from disk and resolve inheritance (US-SKL-01/02/03).
LOAD-BEARING	SUBJECT-REACHED	docstring	boltrig/skills/shelf.py:1	skill.describe	The SkillShelfAdapter: an on-demand skill library behind the chokepoint.
LOAD-BEARING	SUBJECT-REACHED	docstring	boltrig/store/base.py:1	InMemoryStore	The Store protocol - the kernel's only persistence seam.
LOAD-BEARING	SUBJECT-REACHED	docstring	boltrig/store/capabilities.py:1	select_capability	Agent-capability persistence + scoped-declarative reconciliation.
LOAD-BEARING	SUBJECT-REACHED	comment	boltrig/store/capabilities.py:60	list_all_capabilities	``list_all_capabilities`` is the admin/audit read, never the routing read.
LOAD-BEARING	SUBJECT-REACHED	docstring	boltrig/store/channel_outbox.py:1	ChannelOutboxStorePG	Channel outbox store domain (decision 0003, Phase 2).
LOAD-BEARING	SUBJECT-REACHED	docstring	boltrig/store/control_plane_reads.py:1	boltrig.kernel.hitl_expiry.run_hitl_expiry_sweep	Cross-tenant control-plane reads, deliberately outside the RLS fence.
LOAD-BEARING	SUBJECT-REACHED	docstring	boltrig/store/distillation_reads.py:40	list_idle_conversations	How many idle threads still await distillation, measured INDEPENDENTLY of the selection query.
LOAD-BEARING	SUBJECT-REACHED	docstring	boltrig/store/postgres.py:213	app.tenant_id	Yield a connection bound to one tenant for RLS.
LOAD-BEARING	SUBJECT-REACHED	comment	boltrig/store/realtime_calls.py:173	append_realtime_call_event	A cross-tenant call id cannot receive an event from ``append_realtime_call_event``
LOAD-BEARING	SUBJECT-REACHED	docstring	boltrig/store/rls_pool.py:1	bind_tenant_on_store_methods	The RLS fence machinery: the GUC/role binding and the pool facade that applies it.
LOAD-BEARING	SUBJECT-REACHED	docstring	boltrig/store/sealing.py:1	refuse_default_audit_key_in_prod	At-rest envelope sealing for credential references (SEC-04, K-20).
LOAD-BEARING	SUBJECT-REACHED	docstring	boltrig/store/tenant_scope.py:38	_apply_guc	Set ``_current_tenant`` from this call's own argument, so ``_apply_guc`` cannot read a tenant different from the one being queried.
LOAD-BEARING	SUBJECT-REACHED	docstring	boltrig/store/tenant_scope.py:96	_RlsPool	Make ``conn`` subject to the tenant policies for ``tenant_id``, for real.
LOAD-BEARING	SUBJECT-REACHED	docstring	boltrig/workflows/generator.py:179	generate_workflow	Synthesise a workflow, optionally via a reasoning runtime (US-WFL-02).
LOAD-BEARING	SUBJECT-REACHED	docstring	boltrig/workflows/generator.py:49	workspace_id	Build a deterministic linear workflow for ``task`` (US-WFL-02).
LOAD-BEARING	SUBJECT-REACHED	docstring	boltrig/workflows/generator.py:99	workspace_id	Re-save a succeeded workflow as reusable, ``source='learned'`` (US-WFL-03).
LOAD-BEARING	SUBJECT-REACHED	docstring	boltrig/workflows/interpreter.py:1	run_workflow_body	The generic workflow interpreter (Round Seven, control-plane gap 3).
LOAD-BEARING	SUBJECT-REACHED	docstring	boltrig/workflows/library.py:106	select_or_generate_workflow	Best workflow by intent-tag overlap (US-WFL-01).
LOAD-BEARING	SUBJECT-REACHED	docstring	boltrig/workflows/library.py:22	workspace_id	Workspace visibility rule ([2026] VJS-COUNTY 8, D2).
LOAD-BEARING	SUBJECT-REACHED	docstring	boltrig/workflows/library.py:89	workspace_id	Return the workflow with ``id`` for ``tenant``, or ``None``.
LOAD-BEARING	SUBJECT-REACHED	docstring	boltrig/workflows/signals.py:1	harvest_reuse_signal	Harvest free feedback into reuse WEIGHTING, never into authority (COUNTY 5).
LOAD-BEARING	SUBJECT-REACHED	docstring	boltrig/workflows/signals.py:42	memory.improve	Reweight memory from a free signal via ``memory.improve`` (reweight-only).
LOAD-BEARING	SUBJECT-REACHED	docstring	boltrig/workflows/step_execution.py:48	resume	How a resumed paused step should proceed: ``resume`` | ``rejected`` | ``timed_out``.
ORDINARY	NO-SUBJECT	docstring	boltrig/adapters/base.py:107		Declarative mapping from governed verbs to MCP resources.
ORDINARY	NO-SUBJECT	comment	boltrig/adapters/builtin/browser_cli.py:106		is never echoed into a Result (it could carry secrets or UI
ORDINARY	NO-SUBJECT	comment	boltrig/adapters/builtin/browser_cli.py:229		The shared egress guard (INJ-02/SEC-61): refuses unspecified /
ORDINARY	NO-SUBJECT	comment	boltrig/adapters/builtin/channel_send.py:164		context, never delivered (stripped before the seam)
ORDINARY	NO-SUBJECT	comment	boltrig/adapters/builtin/channel_send.py:188		never ride the outbox row or the webhook body to the sender.
ORDINARY	NO-SUBJECT	comment	boltrig/adapters/builtin/channel_send.py:42		at the composition root so this adapter never reads the environment and a test
ORDINARY	NO-SUBJECT	comment	boltrig/adapters/builtin/channel_send.py:88		SSRF (H2/SEC-61): pin the connection to the vetted IP so httpx cannot
ORDINARY	NO-SUBJECT	comment	boltrig/adapters/builtin/channel_send.py:97		sidecar, never stored here (decision 0003, conditions 2 + 7).
ORDINARY	NO-SUBJECT	comment	boltrig/adapters/builtin/desktop.py:105		changes host state: never serve a focus from a replay cache (a
ORDINARY	NO-SUBJECT	comment	boltrig/adapters/builtin/desktop.py:203		module never imports the kernel transport (severability, decision 0014).
ORDINARY	NO-SUBJECT	comment	boltrig/adapters/builtin/desktop.py:40		so a waiting dispatch always resolves before its command can be swept.
ORDINARY	NO-SUBJECT	comment	boltrig/adapters/builtin/desktop.py:44		must be positive (a zero/negative rectangle is never a real window);
ORDINARY	NO-SUBJECT	comment	boltrig/adapters/builtin/familiar.py:108		cosmetic + transient: never persist/replay a gesture
ORDINARY	NO-SUBJECT	comment	boltrig/adapters/builtin/familiar.py:39		keeps the express channel content-free and lets the binding reject anything the body cannot perform.
ORDINARY	NO-SUBJECT	docstring	boltrig/adapters/builtin/fish_audio.py:324		One POST whose body/response the base's JSON ``request()`` cannot carry (raw audio bytes back from TTS, multipart upload to ASR).
ORDINARY	NO-SUBJECT	comment	boltrig/adapters/builtin/fish_audio.py:76		Bounds (DoS/cost bounding, fail-closed).
ORDINARY	NO-SUBJECT	comment	boltrig/adapters/builtin/fish_audio.py:78		verb unbounded - an agent must not be able to stream unbounded text or audio
ORDINARY	NO-SUBJECT	docstring	boltrig/adapters/builtin/herdr.py:1		Herdr terminal workspace control as governed Boltrig verbs.
ORDINARY	NO-SUBJECT	comment	boltrig/adapters/builtin/herdr.py:107		Fixed message: child stderr is never echoed into a Result (it
ORDINARY	NO-SUBJECT	comment	boltrig/adapters/builtin/inbound_webhook.py:107		delivery we cannot name.
ORDINARY	NO-SUBJECT	docstring	boltrig/adapters/builtin/inbound_webhook.py:58		A webhook payload was structurally invalid and cannot become a work item.
ORDINARY	NO-SUBJECT	comment	boltrig/adapters/builtin/inbound_webhook.py:90		check alone cannot stop a second ingest.
ORDINARY	NO-SUBJECT	comment	boltrig/adapters/builtin/jira.py:63		returns a fresh list over them so a caller can never mutate the shared table.
ORDINARY	NO-SUBJECT	comment	boltrig/adapters/builtin/local_whisper.py:67		Same bounds as the remote STT adapters so switching provider cannot change how
ORDINARY	NO-SUBJECT	comment	boltrig/adapters/builtin/pocket_voice.py:107		Left None on purpose.
ORDINARY	NO-SUBJECT	comment	boltrig/adapters/builtin/pocket_voice.py:68		Bounds, fail-closed, matching the vendor siblings.
ORDINARY	NO-SUBJECT	comment	boltrig/adapters/builtin/runpod.py:187		URL-quoted: a pod id with '/', '?' or '..' must not rewrite the path.
ORDINARY	NO-SUBJECT	comment	boltrig/adapters/builtin/web_fetch.py:151		A blocked target is refused before any network call (fail-closed).
ORDINARY	NO-SUBJECT	comment	boltrig/adapters/builtin/web_fetch.py:154		Agent-supplied max_bytes can only shrink the cap, never lift it.
ORDINARY	NO-SUBJECT	comment	boltrig/adapters/builtin/web_fetch.py:168		Redirects are NOT followed: a public URL must not redirect into internal
ORDINARY	NO-SUBJECT	comment	boltrig/adapters/builtin/web_fetch.py:183		IP from the single resolution above so httpx cannot re-resolve to
ORDINARY	NO-SUBJECT	comment	boltrig/adapters/builtin/web_fetch.py:69		operator-supplied bundle fails closed instead of silently falling back
ORDINARY	NO-SUBJECT	comment	boltrig/adapters/builtin/web_fetch.py:70		to public roots.
ORDINARY	NO-SUBJECT	docstring	boltrig/adapters/builtin/xai_voice.py:266		One POST whose body/response the base's JSON ``request()`` cannot carry (raw audio bytes back from TTS, multipart upload to STT).
ORDINARY	NO-SUBJECT	comment	boltrig/adapters/builtin/xai_voice.py:58		Bounds (DoS/cost bounding, fail-closed): the xAI TTS endpoint caps input at
ORDINARY	NO-SUBJECT	comment	boltrig/adapters/builtin/xai_voice.py:60		chars) so an agent cannot stream unbounded payloads through the verb.
ORDINARY	NO-SUBJECT	docstring	boltrig/adapters/egress.py:143		Resolve a host to its addresses (an IP literal resolves to itself, no DNS).
ORDINARY	NO-SUBJECT	docstring	boltrig/adapters/egress.py:64		True if an address is a link-local / cloud-metadata address (169.254.0.0/16 incl.
ORDINARY	NO-SUBJECT	comment	boltrig/adapters/generator.py:304		string must not silently double as a file read.
ORDINARY	NO-SUBJECT	comment	boltrig/adapters/generator.py:325		pinned to the audited IP, and redirects are never followed into internal
ORDINARY	NO-SUBJECT	comment	boltrig/adapters/http_base.py:165		of the base host so httpx cannot re-resolve to internal space at connect
ORDINARY	NO-SUBJECT	comment	boltrig/adapters/http_base.py:180		SSRF: never auto-follow redirects - a 302 to 169.254.169.254 would
ORDINARY	NO-SUBJECT	docstring	boltrig/adapters/loader.py:81		The cached posture, refreshed in the background when stale.
ORDINARY	NO-SUBJECT	comment	boltrig/adapters/mcp_consumer.py:121		wins outright (an unrecognised value clamps low, fail-closed).
ORDINARY	NO-SUBJECT	comment	boltrig/adapters/mcp_consumer.py:125		Otherwise take the HIGHEST of the remaining signals, never the first.
ORDINARY	NO-SUBJECT	comment	boltrig/adapters/mcp_consumer.py:130		an authority over it: it may RAISE a consequence and must never lower one.
ORDINARY	NO-SUBJECT	comment	boltrig/adapters/mcp_consumer.py:174		never leave a stale mapping.
ORDINARY	NO-SUBJECT	comment	boltrig/adapters/mcp_consumer.py:303		server never sees the namespace.
ORDINARY	NO-SUBJECT	comment	boltrig/adapters/mcp_consumer.py:343		Fail closed (defence in depth behind execute's own check, and the
ORDINARY	NO-SUBJECT	comment	boltrig/adapters/mcp_consumer.py:353		reviewed registration opt-in) is the ONLY waiver, for an
ORDINARY	NO-SUBJECT	comment	boltrig/adapters/mcp_consumer.py:68		an empty name can never publish.
ORDINARY	NO-SUBJECT	comment	boltrig/adapters/mcp_transport.py:149		retry the call once.
ORDINARY	NO-SUBJECT	comment	boltrig/adapters/sql_base.py:183		parts separately - it refuses, it refuses early, and it does NOT refuse a
ORDINARY	NO-SUBJECT	comment	boltrig/addons/__init__.py:105		produce a profile version the policy layer refuses at compile time -
ORDINARY	NO-SUBJECT	docstring	boltrig/addons/__init__.py:187		The on-behalf adapter id contributed by the active addons, if exactly one is.
ORDINARY	NO-SUBJECT	comment	boltrig/addons/__init__.py:304		An installed package must not be able to TAKE a name this build
ORDINARY	NO-SUBJECT	comment	boltrig/api/auth_routes.py:176		read no per-org identity for the new org and fail closed;
ORDINARY	NO-SUBJECT	docstring	boltrig/api/auth_routes.py:198		Set the httpOnly+Secure+SameSite session cookie and the readable CSRF cookie.
ORDINARY	NO-SUBJECT	comment	boltrig/api/auth_routes.py:231		RE-AUTHORIZES this every request against org_members (fail-closed), so it is only
ORDINARY	NO-SUBJECT	docstring	boltrig/api/auth_routes.py:283		Verify a presented second factor: a TOTP code first, else a one-time recovery code (D2 fallback, single-use).
ORDINARY	NO-SUBJECT	comment	boltrig/api/auth_routes.py:342		cannot distinguish them.
ORDINARY	NO-SUBJECT	comment	boltrig/api/auth_routes.py:373		the login realm), keyed by the normalised email - never duplicated per org
ORDINARY	NO-SUBJECT	comment	boltrig/api/auth_routes.py:432		Constant-time: always spend an argon2 verify.
ORDINARY	NO-SUBJECT	comment	boltrig/api/auth_routes.py:433		path run the decoy so timing cannot reveal existence (D5).
ORDINARY	NO-SUBJECT	comment	boltrig/api/auth_routes.py:443		distinct stream, at the same field depth (ip/ua).
ORDINARY	NO-SUBJECT	comment	boltrig/api/auth_routes.py:456		D3, FAIL-CLOSED: DO NOT issue a session.
ORDINARY	NO-SUBJECT	comment	boltrig/api/auth_routes.py:569		must NOT be used for 2FA storage.
ORDINARY	NO-SUBJECT	comment	boltrig/api/auth_routes.py:576		behind the tunnel opt-in, never the spoofable XFF).
ORDINARY	NO-SUBJECT	comment	boltrig/api/auth_routes.py:629		2FA travels with the IDENTITY (the login realm), keyed by the email - never
ORDINARY	NO-SUBJECT	comment	boltrig/api/auth_routes.py:657		Only a TOTP code activates enrollment (a recovery code cannot bootstrap it).
ORDINARY	NO-SUBJECT	comment	boltrig/api/auth_routes.py:679		+ non-enumerating + fail-closed (an unknown/expired challenge or a bad code
ORDINARY	NO-SUBJECT	comment	boltrig/api/auth_routes.py:70		unknown email, and a deactivated user, so the response body never enumerates
ORDINARY	NO-SUBJECT	comment	boltrig/api/auth_routes.py:712		Fail-closed + constant-time: spend a verify against the decoy so an
ORDINARY	NO-SUBJECT	comment	boltrig/api/auth_routes.py:734		Fail-closed if the user is gone/deactivated or the factor is not active.
ORDINARY	NO-SUBJECT	comment	boltrig/api/auth_routes.py:760		burn-down is visible;
ORDINARY	NO-SUBJECT	comment	boltrig/api/auth_routes.py:772		cannot escape the requirement;
ORDINARY	NO-SUBJECT	comment	boltrig/api/auth_routes.py:775		2FA travels with the IDENTITY (the login realm), keyed by the email - never
ORDINARY	NO-SUBJECT	docstring	boltrig/api/auth_selection.py:94		Select one fail-closed authentication posture.
ORDINARY	NO-SUBJECT	comment	boltrig/api/boot_guards.py:56		constant in this repository while reporting itself tamper-evident.
ORDINARY	NO-SUBJECT	docstring	boltrig/api/bootstrap.py:131		The desktop-hands add-on is OPT-IN (decision 0016, DH-1): the governed desktop.* verbs and the /v1/hands pull surface exist only when the operator turns the add-on on (BOLTRIG_DESKTOP_HANDS=1) AND installs the host execu
ORDINARY	NO-SUBJECT	docstring	boltrig/api/bootstrap.py:224		Rebuild live instances for adapter rows the control plane persisted.
ORDINARY	NO-SUBJECT	docstring	boltrig/api/bootstrap.py:356		Turn a HITL verdict into a reuse signal ([2026] VJS-COUNTY 5), best-effort.
ORDINARY	NO-SUBJECT	comment	boltrig/api/bootstrap.py:421		each factory independently refuses a production-local fallback.
ORDINARY	NO-SUBJECT	docstring	boltrig/api/bootstrap.py:490		A fail-closed resolver: refuse every request (no auth configured, SEC-01).
ORDINARY	NO-SUBJECT	docstring	boltrig/api/bootstrap.py:500		Choose the auth resolver from process and manifest trust policy (SEC-01).
ORDINARY	NO-SUBJECT	docstring	boltrig/api/bootstrap.py:527		Assemble the trusted read-only Codex provider ONCE, for all spawners.
ORDINARY	NO-SUBJECT	comment	boltrig/api/bootstrap.py:584		([2026] VJS-COUNTY 1) - no manifest means the fail-closed empty knob
ORDINARY	NO-SUBJECT	comment	boltrig/api/bootstrap.py:610		ChatService enforces them fail-closed at intake.
ORDINARY	NO-SUBJECT	comment	boltrig/api/bootstrap.py:92		Runtime boot never applies the mutable convenience bootstrap.
ORDINARY	NO-SUBJECT	docstring	boltrig/api/chat_cli.py:42		A clean, user-facing failure - printed, never a traceback.
ORDINARY	NO-SUBJECT	docstring	boltrig/api/chat_cli.py:72		Incremental ``data:``-only SSE parser for /v1/chat;
ORDINARY	NO-SUBJECT	docstring	boltrig/api/chat_cli_gateway.py:26		One outbound line, or None - a malformed line is dropped, never fatal.
ORDINARY	NO-SUBJECT	comment	boltrig/api/codex_execution.py:126		Lazy import so the flag-off path never pulls in the Postgres/asyncpg module
ORDINARY	NO-SUBJECT	comment	boltrig/api/codex_execution.py:148		structural ratchet (forbidden here).
ORDINARY	NO-SUBJECT	docstring	boltrig/api/codex_readiness.py:1		Fail-closed readiness projection for the configured Codex runtime.
ORDINARY	NO-SUBJECT	comment	boltrig/api/codex_trusted.py:146		Lazy imports so the flag-off path never pulls in the infrastructure layer or
ORDINARY	NO-SUBJECT	comment	boltrig/api/codex_trusted.py:177		never carries the upstream key;
ORDINARY	NO-SUBJECT	comment	boltrig/api/codex_trusted.py:203		model_id is non-secret admission policy: the resolver refuses a permanent
ORDINARY	NO-SUBJECT	comment	boltrig/api/doctor.py:22		three sites cannot disagree about what counts as a placeholder again.
ORDINARY	NO-SUBJECT	comment	boltrig/api/doctor.py:329		result rather than crashing (P9), so this is drift to report, never a deploy
ORDINARY	NO-SUBJECT	comment	boltrig/api/host_boundary.py:26		Deliberately not an email and not a real user id: it must not collide with any
ORDINARY	NO-SUBJECT	comment	boltrig/api/host_boundary.py:29		box cannot name them more precisely than this.
ORDINARY	NO-SUBJECT	comment	boltrig/api/initiate.py:107		shell history and usually in a runbook too.
ORDINARY	NO-SUBJECT	comment	boltrig/api/initiate.py:224		D6: the actor is the HOST BOUNDARY, never the target user.
ORDINARY	NO-SUBJECT	docstring	boltrig/api/logging_config.py:36		The numeric level for a configured name, falling back to INFO.
ORDINARY	NO-SUBJECT	comment	boltrig/api/mint_token.py:74		user's own allow set.
ORDINARY	NO-SUBJECT	comment	boltrig/api/mint_token.py:98		trivially capturable (`...
ORDINARY	NO-SUBJECT	comment	boltrig/api/platform_bootstrap.py:37		Projection receives composition truth only, never provider details.
ORDINARY	NO-SUBJECT	docstring	boltrig/api/readiness.py:1		Bounded, fail-closed ``/readyz`` checks for durable dependencies, governed control registration, and enabled runtime seams.
ORDINARY	NO-SUBJECT	comment	boltrig/api/readiness.py:160		cannot amplify into unbounded Herdr subprocesses or dependency probes.
ORDINARY	NO-SUBJECT	comment	boltrig/api/readiness.py:30		The tools /readyz requires.
ORDINARY	NO-SUBJECT	comment	boltrig/api/readiness.py:32		status snapshot when deployed, but never readiness-GATING.
ORDINARY	NO-SUBJECT	docstring	boltrig/api/worker.py:1		The fleet worker process.
ORDINARY	NO-SUBJECT	comment	boltrig/api/worker.py:53		process that refuses to start.
ORDINARY	NO-SUBJECT	comment	boltrig/api/worker.py:56		attests - the exact drift this seam claims cannot happen.
ORDINARY	NO-SUBJECT	docstring	boltrig/api/worker.py:64		Start the HITL expiry janitor (SEC-14), or None when disabled.
ORDINARY	NO-SUBJECT	docstring	boltrig/camera/backend.py:1		Manufacturer-neutral semantic camera backend contract.
ORDINARY	NO-SUBJECT	docstring	boltrig/camera/cache.py:20		Persist discovery summaries, never raw frames, serials, or code.
ORDINARY	NO-SUBJECT	docstring	boltrig/camera/capabilities.py:18		Raised when a native probe result cannot be safely interpreted.
ORDINARY	NO-SUBJECT	docstring	boltrig/camera/discovery.py:1		Pure standards-first camera capability negotiation.
ORDINARY	NO-SUBJECT	comment	boltrig/camera/discovery.py:87		Current focus/PTZ/exposure values must never make a new hardware family.
ORDINARY	NO-SUBJECT	docstring	boltrig/camera/platform.py:14		One safe native observation;
ORDINARY	NO-SUBJECT	docstring	boltrig/camera/profiles.py:1		Declarative, local-only camera profile metadata.
ORDINARY	NO-SUBJECT	docstring	boltrig/camera/profiles.py:224		Load only local TOML metadata;
ORDINARY	NO-SUBJECT	comment	boltrig/config/birth_profile.py:138		workers cannot publish the same boot identity.
ORDINARY	NO-SUBJECT	docstring	boltrig/config/birth_profile.py:152		Bound startup evidence freshness;
ORDINARY	NO-SUBJECT	docstring	boltrig/config/birth_profile.py:77		Digest only stable add-on names and versions, never harness/config data.
ORDINARY	NO-SUBJECT	docstring	boltrig/config/channel_addressing.py:143		Reject target claims the runtime cannot resolve as authored.
ORDINARY	NO-SUBJECT	comment	boltrig/config/control_approval_adapters.py:140		Bind the reviewed endpoint/SEC-61 waiver so approval cannot be replayed
ORDINARY	NO-SUBJECT	docstring	boltrig/config/control_channel_approval.py:13		Public metadata-only delivery receipt;
ORDINARY	NO-SUBJECT	comment	boltrig/config/control_generated_adapter.py:106		prevents accepting a generator extension this version cannot reconstruct.
ORDINARY	NO-SUBJECT	docstring	boltrig/config/control_integrations.py:68		Return the exact fail-closed reason for one provider-declared setup.
ORDINARY	NO-SUBJECT	comment	boltrig/config/control_lifecycle.py:89		stale reference cannot execute (SEC-22, mirrors review_and_activate).
ORDINARY	NO-SUBJECT	comment	boltrig/config/control_mcp.py:103		can never be rehydrated.
ORDINARY	NO-SUBJECT	comment	boltrig/config/control_mcp_lifecycle.py:225		A losing CAS must not unpublish/deactivate an identical winner.
ORDINARY	NO-SUBJECT	comment	boltrig/config/control_operations.py:214		A store row this kernel never rebuilt (another replica's
ORDINARY	NO-SUBJECT	comment	boltrig/config/control_operations.py:217		otherwise - never pend or fail opaquely on a row that exists.
ORDINARY	NO-SUBJECT	comment	boltrig/config/control_operations.py:234		dispatch uses (SEC-04/05);
ORDINARY	NO-SUBJECT	comment	boltrig/config/control_rehydrate.py:172		Rehydrate must never be able to refuse the process a start.
ORDINARY	NO-SUBJECT	comment	boltrig/config/control_rehydrate.py:173		is ALREADY STORED, so raising cannot prevent bad data arriving - it can only
ORDINARY	NO-SUBJECT	docstring	boltrig/config/control_rehydrate.py:43		Read the private, persisted consumer reconstruction spec.
ORDINARY	NO-SUBJECT	docstring	boltrig/config/control_workflow_specs.py:45		Chat-first authoring: iterate a draft freely (LOW consequence, no HITL hold), publish deliberately (HIGH).
ORDINARY	NO-SUBJECT	comment	boltrig/config/control_workflow_triggers.py:84		It cannot be authored by a synthetic agent context with no User record.
ORDINARY	NO-SUBJECT	comment	boltrig/config/control_workflows.py:192		desired schedule, but its observed state says needs_action and it cannot run.
ORDINARY	NO-SUBJECT	comment	boltrig/config/control_workflows.py:33		so it can never collide with or shadow the real workflow on the version shelf
ORDINARY	NO-SUBJECT	comment	boltrig/config/control_workflows.py:56		The draft prefix is kernel-reserved;
ORDINARY	NO-SUBJECT	comment	boltrig/config/dev_egress.py:70		and adapters are a FOUNDATION layer that may not depend upward on config
ORDINARY	NO-SUBJECT	comment	boltrig/config/dev_posture.py:93		Empty means the declaration covers nobody, which refuses everything.
ORDINARY	NO-SUBJECT	comment	boltrig/config/manifest.py:110		Compatibility default for old manifests.
ORDINARY	NO-SUBJECT	comment	boltrig/config/manifest.py:142		profiles.
ORDINARY	NO-SUBJECT	docstring	boltrig/config/manifest.py:183		Human-in-the-loop routing and the verbs that always block (S8, P5).
ORDINARY	NO-SUBJECT	comment	boltrig/config/manifest.py:224		seconds while a run is producing nothing, so a slow-but-alive run never trips a
ORDINARY	NO-SUBJECT	comment	boltrig/config/manifest.py:237		conversations are never compacted.
ORDINARY	NO-SUBJECT	comment	boltrig/config/manifest.py:247		unbounded scan is impossible).
ORDINARY	NO-SUBJECT	comment	boltrig/config/manifest.py:248		caps: a manifest may only LOWER them (a smaller, more conservative page), never
ORDINARY	NO-SUBJECT	comment	boltrig/config/manifest.py:277		test script.
ORDINARY	NO-SUBJECT	comment	boltrig/config/manifest.py:301		the call site because that order's forbidden list names
ORDINARY	NO-SUBJECT	docstring	boltrig/config/manifest.py:358		Verbs that always require human approval (P5) - the Kernel's gate.
ORDINARY	NO-SUBJECT	comment	boltrig/config/manifest.py:448		selection never reads this field - so a deployment that sets it would
ORDINARY	NO-SUBJECT	comment	boltrig/config/manifest.py:540		rather than failing load, so a bad price never blocks boot (the model just
ORDINARY	NO-SUBJECT	comment	boltrig/config/manifest.py:636		absent or malformed yields (), which covers nobody and refuses everything.
ORDINARY	NO-SUBJECT	docstring	boltrig/config/manifest.py:679		Resolve an attachment cap: a manifest may only TIGHTEN it, never loosen it ([2026] VJS-COUNTY 3, D2).
ORDINARY	NO-SUBJECT	comment	boltrig/config/manifest.py:722		turns verbatim, never grow the verbatim window past the code ceiling.
ORDINARY	NO-SUBJECT	comment	boltrig/config/manifest.py:731		default/ceiling page, never grow a page past the code ceiling.
ORDINARY	NO-SUBJECT	comment	boltrig/config/manifest.py:739		tool name or show FEWER pairs, never widen what reaches a model's prompt.
ORDINARY	NO-SUBJECT	docstring	boltrig/config/model_profile_views.py:45		Resolve an approved profile for the xAI realtime gateway.
ORDINARY	NO-SUBJECT	docstring	boltrig/config/permanent_fleet.py:325		Return an Admin export with the latest governed hierarchy overlaid.
ORDINARY	NO-SUBJECT	comment	boltrig/config/settings.py:43		the Codex execution stack is never constructed (a total no-op).
ORDINARY	NO-SUBJECT	comment	boltrig/config/settings.py:48		app.state.platform, but nothing calls it yet: wiring an admit() into the live
ORDINARY	NO-SUBJECT	comment	boltrig/config/settings.py:52		exists for and structurally cannot catch: it finds names nothing REACHES, and
ORDINARY	NO-SUBJECT	comment	boltrig/config/settings.py:61		refuses under both.
ORDINARY	NO-SUBJECT	docstring	boltrig/config/spawn_rules.py:1		Strict, deterministic policy for ephemeral-agent spawn routing.
ORDINARY	NO-SUBJECT	docstring	boltrig/config/spawn_rules.py:255		Choose the unique highest-priority all-of match.
ORDINARY	NO-SUBJECT	docstring	boltrig/config/spawn_rules.py:34		A request cannot be resolved to one deterministic rule.
ORDINARY	NO-SUBJECT	comment	boltrig/distill/adapter.py:236		the sidecar refuses a corpus whose header pin differs.
ORDINARY	NO-SUBJECT	comment	boltrig/distill/adapter.py:237		never resume from a prior adapter because no request field exists to
ORDINARY	NO-SUBJECT	comment	boltrig/distill/adapter_gates.py:39		The entropy guard is deliberately STRICT: a sidecar that cannot
ORDINARY	NO-SUBJECT	comment	boltrig/distill/adapter_specs.py:16		A model name is an adapter id or an HF-style repo path - never a filesystem
ORDINARY	NO-SUBJECT	comment	boltrig/distill/bootstrap.py:45		off, never toward a guessable default (the emotion-addon posture).
ORDINARY	NO-SUBJECT	docstring	boltrig/distill/corpus.py:116		Deterministic ~10% split, pinned by record id (no randomness: the same corpus always splits the same way, so the digest also pins the split).
ORDINARY	NO-SUBJECT	docstring	boltrig/distill/corpus.py:123		The register gate's scoring set.
ORDINARY	NO-SUBJECT	docstring	boltrig/distill/corpus_io.py:1		JSONL serialisation for a derived distillation corpus (decision 0023).
ORDINARY	NO-SUBJECT	comment	boltrig/emotion/engine.py:141		Tension decays with a REAL 1.4 s half-life, never tempo-scaled.
ORDINARY	NO-SUBJECT	comment	boltrig/emotion/engine.py:144		Attachment decays in REAL days, never tempo-scaled (0024): the bond
ORDINARY	NO-SUBJECT	comment	boltrig/emotion/engine.py:70		Attachment (0024): REAL-days half-life (never tempo-scaled - the tension
ORDINARY	NO-SUBJECT	comment	boltrig/emotion/relay.py:263		--- publisher thread (the ONLY place that touches the filesystem after init) ---
ORDINARY	NO-SUBJECT	comment	boltrig/fleet/anchor.py:187		needs no clause here and must not get one: _record iterates the same
ORDINARY	NO-SUBJECT	comment	boltrig/fleet/anchor.py:190		description of a janitor that cannot see the fleet.
ORDINARY	NO-SUBJECT	comment	boltrig/fleet/anchor.py:191		term would read as load-bearing while never being able to be false.
ORDINARY	NO-SUBJECT	comment	boltrig/fleet/application/assignment_admission.py:114		a set this assignment cannot name (a divergent replay, a hostile adapter)
ORDINARY	NO-SUBJECT	comment	boltrig/fleet/application/assignment_admission.py:115		fails closed here rather than producing a record whose own pin misses.
ORDINARY	NO-SUBJECT	docstring	boltrig/fleet/application/birth_policies.py:1		Fail-closed compilation of static profiles into bounded Codex birth policy.
ORDINARY	NO-SUBJECT	docstring	boltrig/fleet/application/birth_policies.py:155		Resolve pins through a port, then verify and compile them fail closed.
ORDINARY	NO-SUBJECT	docstring	boltrig/fleet/application/grant_lease_cleanup.py:1		Fail-closed reconciliation for ambiguous run-grant issue outcomes.
ORDINARY	NO-SUBJECT	docstring	boltrig/fleet/application/grant_leases.py:312		Return metadata health using the server clock;
ORDINARY	NO-SUBJECT	docstring	boltrig/fleet/application/model_proxy_cancellations.py:25		Detect only cancellations overlapping a cell, with bounded fail-closed overflow.
ORDINARY	NO-SUBJECT	comment	boltrig/fleet/application/root_admission.py:56		a store that returned REPLAYED for a divergent decision fails closed.
ORDINARY	NO-SUBJECT	comment	boltrig/fleet/authority.py:108		projection is edited later, intersecting here can never widen the
ORDINARY	NO-SUBJECT	comment	boltrig/fleet/authority.py:142		"workflow:<wf_id>" target never reaches here - the pump honors it upstream
ORDINARY	NO-SUBJECT	comment	boltrig/fleet/authority.py:35		(``user:chief-of-staff``), and the principal cannot steer it.
ORDINARY	NO-SUBJECT	comment	boltrig/fleet/authority.py:37		principal's grants.
ORDINARY	NO-SUBJECT	comment	boltrig/fleet/authority.py:38		principal's grants (a principal holding no memory verb must not stop the org
ORDINARY	NO-SUBJECT	docstring	boltrig/fleet/bifrost_model_catalogue.py:78		Return the one safe failure shape;
ORDINARY	NO-SUBJECT	comment	boltrig/fleet/chat.py:159		user only), so a caller only ever sees their own conversations - never
ORDINARY	NO-SUBJECT	comment	boltrig/fleet/chat_authority.py:108		function's contract is that it must NEVER take down a spawn that would
ORDINARY	NO-SUBJECT	docstring	boltrig/fleet/chat_conversation_access.py:19		A retained conversation cannot accept a turn until explicitly restored.
ORDINARY	NO-SUBJECT	docstring	boltrig/fleet/chat_event_projection.py:1		Closed, browser-safe projection of the internal run-event relay.
ORDINARY	NO-SUBJECT	docstring	boltrig/fleet/chat_event_projection.py:14		An internal frame cannot be represented by the public chat contract.
ORDINARY	NO-SUBJECT	comment	boltrig/fleet/chat_idempotency.py:44		their own namespace so a client-chosen key can never collide with a real
ORDINARY	NO-SUBJECT	comment	boltrig/fleet/chat_idempotency.py:49		stream; short enough that a key is never a permanent reservation.
ORDINARY	NO-SUBJECT	docstring	boltrig/fleet/chat_idempotency.py:73		True when THIS caller owns the turn; False when it is a replay.
ORDINARY	NO-SUBJECT	comment	boltrig/fleet/chat_origin.py:37		canonicalised rather than trusted: an unusable value is dropped, never a reason
ORDINARY	NO-SUBJECT	comment	boltrig/fleet/chat_turn_flow.py:62		A steer joins the already-running request and cannot alter the
ORDINARY	NO-SUBJECT	comment	boltrig/fleet/chief_of_staff.py:63		provider must never raise the routing path - it falls back to the
ORDINARY	NO-SUBJECT	docstring	boltrig/fleet/codex_model_selection.py:22		Return one bounded opaque endpoint id, never a caller model string.
ORDINARY	NO-SUBJECT	comment	boltrig/fleet/codex_runtime.py:188		not declare.
ORDINARY	NO-SUBJECT	comment	boltrig/fleet/codex_runtime.py:224		Same contract as the read-only lane: degrade, never raise into the
ORDINARY	NO-SUBJECT	comment	boltrig/fleet/codex_runtime.py:263		A degrade must never swallow the cause: a silent codex_turn_failed is
ORDINARY	NO-SUBJECT	docstring	boltrig/fleet/continuity.py:105		The two caps, as data.
ORDINARY	NO-SUBJECT	comment	boltrig/fleet/continuity.py:150		The TRUE count, exact and never capped, however many pairs are elided below.
ORDINARY	NO-SUBJECT	comment	boltrig/fleet/continuity.py:169		so it is wrapped in a typed envelope (M1 / SEC-72) - a prior turn cannot smuggle
ORDINARY	NO-SUBJECT	comment	boltrig/fleet/continuity.py:175		Charset normalisation above is a SECOND line behind this one, never a substitute:
ORDINARY	NO-SUBJECT	comment	boltrig/fleet/continuity.py:201		The summary is DERIVED data (a ConversationSummary row), never a mutation of the
ORDINARY	NO-SUBJECT	docstring	boltrig/fleet/continuity.py:234		The DETERMINISTIC, offline summariser (no model) - the always-present fallback, mirroring how the department head keeps a deterministic decomposition fallback (P9).
ORDINARY	NO-SUBJECT	comment	boltrig/fleet/continuity.py:252		snippet truncation above applies to the CONTENT ONLY and never to it.
ORDINARY	NO-SUBJECT	comment	boltrig/fleet/continuity.py:330		verbatim render - fail-safe, never a crash or a dropped turn.
ORDINARY	NO-SUBJECT	comment	boltrig/fleet/continuity.py:91		READ but never rendered.
ORDINARY	NO-SUBJECT	comment	boltrig/fleet/department_head.py:111		atomically, so concurrent workers can never jointly exceed it.
ORDINARY	NO-SUBJECT	comment	boltrig/fleet/department_head.py:124		(including a failure record) is captured, and the join never raises.
ORDINARY	NO-SUBJECT	docstring	boltrig/fleet/department_head.py:206		Persist the sub-task as a child WorkItem so the delegation tree is visible in the store (US-FLT-06).
ORDINARY	NO-SUBJECT	docstring	boltrig/fleet/domain/attested_assignment.py:1		Trusted server facts for exactly one attestable execution assignment.
ORDINARY	NO-SUBJECT	comment	boltrig/fleet/domain/attested_assignment.py:29		prefix, so a valid command id can never derive an invalid ledger identifier.
ORDINARY	NO-SUBJECT	docstring	boltrig/fleet/domain/authority.py:1		Fail-closed effective authority for one governed execution phase.
ORDINARY	NO-SUBJECT	docstring	boltrig/fleet/domain/authority.py:11		The five independent ceilings every domain tool call must satisfy.
ORDINARY	NO-SUBJECT	docstring	boltrig/fleet/domain/authority_evaluator.py:100		Non-current or negative approval states always collapse to deny-all.
ORDINARY	NO-SUBJECT	docstring	boltrig/fleet/domain/capability_attestation.py:1		Immutable capability-effect attestations that may only narrow authority.
ORDINARY	NO-SUBJECT	docstring	boltrig/fleet/domain/capability_attestation.py:213		Derive the pin from one exact assignment record and nothing else.
ORDINARY	NO-SUBJECT	docstring	boltrig/fleet/domain/capability_attestation.py:241		Fail closed unless the resolved set is exactly the pinned set.
ORDINARY	NO-SUBJECT	docstring	boltrig/fleet/domain/codex_rollout.py:1		Immutable policy values for a fail-closed Codex runtime rollout.
ORDINARY	NO-SUBJECT	docstring	boltrig/fleet/domain/codex_rollout.py:71		Server-derived compatibility fact, never a caller-supplied route hint.
ORDINARY	NO-SUBJECT	docstring	boltrig/fleet/domain/execution.py:78		Current durable approval state;
ORDINARY	NO-SUBJECT	docstring	boltrig/fleet/domain/grant_lease.py:48		The store-owned signed-BIGINT lease fence cannot advance safely.
ORDINARY	NO-SUBJECT	docstring	boltrig/fleet/domain/model_proxy_grant.py:103		Digest-only retained metadata;
ORDINARY	NO-SUBJECT	docstring	boltrig/fleet/domain/model_proxy_scope.py:158		Internal-only kernel peer plus server-parsed model and budget.
ORDINARY	NO-SUBJECT	docstring	boltrig/fleet/domain/phase_results.py:67		An immutable raw candidate whose repr and serialization never expose text.
ORDINARY	NO-SUBJECT	docstring	boltrig/fleet/domain/phase_results.py:89		Return an isolated parser copy;
ORDINARY	NO-SUBJECT	docstring	boltrig/fleet/domain/profile_policy.py:263		Exact bounded runtime configuration plus skill requirements, never grants.
ORDINARY	NO-SUBJECT	docstring	boltrig/fleet/domain/profile_policy_values.py:73		Validate a relative catalogue reference, never a host filesystem path.
ORDINARY	NO-SUBJECT	docstring	boltrig/fleet/domain/profile_policy_values.py:97		Canonicalize exact domain verb requirements;
ORDINARY	NO-SUBJECT	docstring	boltrig/fleet/domain/skill_attestation.py:1		Fail-closed attestation for Codex skill discovery before a thread starts.
ORDINARY	NO-SUBJECT	docstring	boltrig/fleet/domain/skill_attestation.py:188		Fail closed unless the enabled discovery set exactly equals the allowlist.
ORDINARY	NO-SUBJECT	docstring	boltrig/fleet/domain/skill_attestation.py:264		Immutable invalidation gate;
ORDINARY	NO-SUBJECT	docstring	boltrig/fleet/eval.py:48		Refresh lifecycle state so stale callers cannot run an archived case.
ORDINARY	NO-SUBJECT	comment	boltrig/fleet/hatchet_app.py:319		a HITL pause can last arbitrarily long;
ORDINARY	NO-SUBJECT	docstring	boltrig/fleet/held_write_outcome.py:162		Publish the continuation to the run's stream and close it again.
ORDINARY	NO-SUBJECT	comment	boltrig/fleet/held_write_outcome.py:31		The audited verb name for a resume outcome.
ORDINARY	NO-SUBJECT	comment	boltrig/fleet/held_write_resume.py:162		never be re-spent: swallowing this would leave a human believing an
ORDINARY	NO-SUBJECT	comment	boltrig/fleet/held_write_resume.py:208		never the decline.
ORDINARY	NO-SUBJECT	comment	boltrig/fleet/held_write_resume.py:226		A REJECT MUST NOT EXECUTE.
ORDINARY	NO-SUBJECT	comment	boltrig/fleet/held_write_resume.py:227		without this the decision is never read and a declined write is carried out
ORDINARY	NO-SUBJECT	comment	boltrig/fleet/held_write_resume.py:243		closed key.
ORDINARY	NO-SUBJECT	comment	boltrig/fleet/held_write_resume.py:262		under a new request, or failed.
ORDINARY	NO-SUBJECT	comment	boltrig/fleet/infrastructure/cell_lane.py:107		serves: a teardown signal that cannot be delivered must never replace
ORDINARY	NO-SUBJECT	docstring	boltrig/fleet/infrastructure/cell_lane.py:117		Have the spawner build this cell's own tree + files, AS the cell uid.
ORDINARY	NO-SUBJECT	comment	boltrig/fleet/infrastructure/cell_lane.py:184		on a read-only rootfs the cell uid cannot rewrite, so it cannot be swapped
ORDINARY	NO-SUBJECT	comment	boltrig/fleet/infrastructure/cell_lane.py:59		terminate/kill is never garbage-collected mid-flight.
ORDINARY	NO-SUBJECT	docstring	boltrig/fleet/infrastructure/cell_lane.py:76		Return a slot to the pool.
ORDINARY	NO-SUBJECT	comment	boltrig/fleet/infrastructure/cell_privilege.py:175		Never trust the calls;
ORDINARY	NO-SUBJECT	comment	boltrig/fleet/infrastructure/cell_privilege.py:199		A cell whose /proc we cannot read is a cell we cannot vouch for.
ORDINARY	NO-SUBJECT	docstring	boltrig/fleet/infrastructure/cell_privilege.py:238		True where per-cell uids are actually in force, answered per vantage point.
ORDINARY	NO-SUBJECT	docstring	boltrig/fleet/infrastructure/cell_process.py:119		Ask the spawner to signal the cell; the API cannot do it itself.
ORDINARY	NO-SUBJECT	docstring	boltrig/fleet/infrastructure/cell_slots.py:100		Take a free slot, or refuse.
ORDINARY	NO-SUBJECT	docstring	boltrig/fleet/infrastructure/cell_slots.py:135		J10: prove the uids really are distinct rather than assuming the mapping.
ORDINARY	NO-SUBJECT	comment	boltrig/fleet/infrastructure/cell_slots.py:33		compose file cannot drift silently;
ORDINARY	NO-SUBJECT	docstring	boltrig/fleet/infrastructure/cell_slots.py:78		Hand out per-cell slots, and never the same one to two live cells.
ORDINARY	NO-SUBJECT	docstring	boltrig/fleet/infrastructure/cell_spawner.py:122		Validate a request against policy the SPAWNER holds.
ORDINARY	NO-SUBJECT	comment	boltrig/fleet/infrastructure/cell_spawner.py:139		Never uid 0, and never the API's own uid: a cell that shared either would
ORDINARY	NO-SUBJECT	comment	boltrig/fleet/infrastructure/cell_spawner.py:205		Never resolve: a cell uid can plant a symlink inside its own tree.
ORDINARY	NO-SUBJECT	comment	boltrig/fleet/infrastructure/cell_spawner.py:222		has setuid'd to that uid can write the kernel-owned 0700 slot: the API cannot
ORDINARY	NO-SUBJECT	comment	boltrig/fleet/infrastructure/cell_spawner.py:223		chown (CAP_CHOWN was refused) and cannot setuid (empty permitted set).
ORDINARY	NO-SUBJECT	comment	boltrig/fleet/infrastructure/cell_spawner.py:225		THIS uid's own slot, so a compromised API cannot make the privileged child write
ORDINARY	NO-SUBJECT	comment	boltrig/fleet/infrastructure/cell_spawner.py:262		Lexical checks, as in parse_spawn_request: never resolve (a cell uid can plant
ORDINARY	NO-SUBJECT	comment	boltrig/fleet/infrastructure/cell_spawner.py:267		owns, never a sibling's.
ORDINARY	NO-SUBJECT	docstring	boltrig/fleet/infrastructure/cell_spawner.py:271		Validate a provision request against policy the SPAWNER holds.
ORDINARY	NO-SUBJECT	docstring	boltrig/fleet/infrastructure/cell_spawner.py:348		Empty the slot the child owns, so a reused slot never carries prior data.
ORDINARY	NO-SUBJECT	docstring	boltrig/fleet/infrastructure/cell_spawner.py:370		Create the cell's tree + files under its own uid, in a forked child.
ORDINARY	NO-SUBJECT	comment	boltrig/fleet/infrastructure/cell_spawner.py:391		the cell uid can write the 0700 slot and the API that releases cannot.
ORDINARY	NO-SUBJECT	docstring	boltrig/fleet/infrastructure/cell_spawner.py:422		In the forked child: drop to the cell uid, wire stdio, exec.
ORDINARY	NO-SUBJECT	comment	boltrig/fleet/infrastructure/cell_spawner.py:428		The drop must happen BEFORE exec so the cell never runs privileged for an
ORDINARY	NO-SUBJECT	comment	boltrig/fleet/infrastructure/cell_spawner.py:60		anything Debian allocates, so a cell uid can never collide with a system account
ORDINARY	NO-SUBJECT	docstring	boltrig/fleet/infrastructure/cell_spawner.py:602		The privileged loop: read a request, validate it, spawn, hand back.
ORDINARY	NO-SUBJECT	comment	boltrig/fleet/infrastructure/cell_spawner.py:643		Fail closed and stay up.
ORDINARY	NO-SUBJECT	comment	boltrig/fleet/infrastructure/cell_spawner.py:644		and raises; it never mistakes a refusal for a running cell.
ORDINARY	NO-SUBJECT	comment	boltrig/fleet/infrastructure/cell_spawner.py:645		cause here (the ONLY place that holds it): the API is told nothing but
ORDINARY	NO-SUBJECT	docstring	boltrig/fleet/infrastructure/cell_spawner.py:90		What this spawner will agree to do, held by the spawner and not the caller.
ORDINARY	NO-SUBJECT	comment	boltrig/fleet/infrastructure/codex_app_server.py:21		server request is refused with a typed error - never a pump crash.
ORDINARY	NO-SUBJECT	comment	boltrig/fleet/infrastructure/codex_app_server.py:368		task so the single reader never blocks;
ORDINARY	NO-SUBJECT	comment	boltrig/fleet/infrastructure/codex_app_server.py:411		Answering must never crash the pump: a failed write leaves the
ORDINARY	NO-SUBJECT	docstring	boltrig/fleet/infrastructure/codex_assignment_model_binding.py:1		Pop-once hand-off of one exact model selection to trusted Codex admission.
ORDINARY	NO-SUBJECT	docstring	boltrig/fleet/infrastructure/codex_cell_boundary.py:130		Refuse anything our own euid owns: an owner can always restore write.
ORDINARY	NO-SUBJECT	comment	boltrig/fleet/infrastructure/codex_cell_boundary.py:134		NAME THE ACCOUNT.
ORDINARY	NO-SUBJECT	comment	boltrig/fleet/infrastructure/codex_cell_boundary.py:276		access to everything its uid can reach cannot rewrite, append to, read,
ORDINARY	NO-SUBJECT	comment	boltrig/fleet/infrastructure/codex_cell_boundary.py:279		Derived, never configured.
ORDINARY	NO-SUBJECT	docstring	boltrig/fleet/infrastructure/codex_cell_boundary.py:94		Resolve the single shared helper path, defaulting to the image location.
ORDINARY	NO-SUBJECT	docstring	boltrig/fleet/infrastructure/codex_cell_policy.py:1		Fail-closed filesystem, binary, and environment policy for Codex cells.
ORDINARY	NO-SUBJECT	comment	boltrig/fleet/infrastructure/codex_cell_policy.py:205		The read-only reasoning lane's workspace is always EMPTY, so its projection is a
ORDINARY	NO-SUBJECT	comment	boltrig/fleet/infrastructure/codex_cell_policy.py:208		assert the projection without the filesystem read the capless API cannot perform
ORDINARY	NO-SUBJECT	docstring	boltrig/fleet/infrastructure/codex_cell_policy.py:215		Assert a projection is the known EMPTY read-only workspace, without any fs read.
ORDINARY	NO-SUBJECT	comment	boltrig/fleet/infrastructure/codex_cell_policy.py:282		(2000N) in a 0700 slot the API cannot traverse, so these exact lstat/resolve/
ORDINARY	NO-SUBJECT	comment	boltrig/fleet/infrastructure/codex_cell_policy.py:286		them local.
ORDINARY	NO-SUBJECT	docstring	boltrig/fleet/infrastructure/codex_cell_policy.py:40		Pre-provisioned cell layout whose workspace was sanitized upstream.
ORDINARY	NO-SUBJECT	comment	boltrig/fleet/infrastructure/codex_cell_provisioning.py:136		acquire), so a fresh directory must not already exist.
ORDINARY	NO-SUBJECT	comment	boltrig/fleet/infrastructure/codex_cell_provisioning.py:143		so its content can never change after the digest is taken.
ORDINARY	NO-SUBJECT	comment	boltrig/fleet/infrastructure/codex_cell_supervisor.py:241		slot, which the API cannot traverse;
ORDINARY	NO-SUBJECT	comment	boltrig/fleet/infrastructure/codex_cell_supervisor.py:247		[2026] VJS-CC-VJS 6 H5: argv is REQUIRED, never defaulted.
ORDINARY	NO-SUBJECT	comment	boltrig/fleet/infrastructure/codex_cell_supervisor.py:254		else fails closed here rather than reaching execve.
ORDINARY	NO-SUBJECT	comment	boltrig/fleet/infrastructure/codex_cell_supervisor.py:280		kernel gate, never crashing the pump ([2026] VJS-COUNTY 12).
ORDINARY	NO-SUBJECT	comment	boltrig/fleet/infrastructure/codex_cell_supervisor.py:300		failure leaks nothing to the caller.
ORDINARY	NO-SUBJECT	comment	boltrig/fleet/infrastructure/codex_cell_supervisor.py:322		Per-cell: the workspace lives in a 0700 cell-uid slot the API cannot read,
ORDINARY	NO-SUBJECT	comment	boltrig/fleet/infrastructure/codex_cell_supervisor.py:323		and the read-only lane's workspace is always EMPTY, so re-attest against the
ORDINARY	NO-SUBJECT	comment	boltrig/fleet/infrastructure/codex_cell_supervisor.py:325		the API cannot perform.
ORDINARY	NO-SUBJECT	comment	boltrig/fleet/infrastructure/codex_cell_supervisor.py:370		Re-validated at merge time: the base keys always win on a collision
ORDINARY	NO-SUBJECT	comment	boltrig/fleet/infrastructure/codex_cell_supervisor.py:371		(the validator already refuses one), and the base is never mutated.
ORDINARY	NO-SUBJECT	comment	boltrig/fleet/infrastructure/codex_cell_supervisor.py:60		not succeed the cell is never handed out.
ORDINARY	NO-SUBJECT	comment	boltrig/fleet/infrastructure/codex_kernel_tools_phase.py:100		both read these constants, so the two sides cannot drift - the same
ORDINARY	NO-SUBJECT	comment	boltrig/fleet/infrastructure/codex_kernel_tools_phase.py:112		and a run carrying more than this cannot be attested exactly, so it degrades
ORDINARY	NO-SUBJECT	docstring	boltrig/fleet/infrastructure/codex_kernel_tools_phase.py:155		Canonicalize the per-run wire-name ceiling, fail-closed.
ORDINARY	NO-SUBJECT	comment	boltrig/fleet/infrastructure/codex_kernel_tools_phase.py:170		narrow it to ~74 today, which is the only reason it does not bite.
ORDINARY	NO-SUBJECT	comment	boltrig/fleet/infrastructure/codex_kernel_tools_phase.py:72		the ONLY lane that never sent the floor - including the sentence that explains
ORDINARY	NO-SUBJECT	comment	boltrig/fleet/infrastructure/codex_kernel_tools_phase.py:98		and the version a process compiles must not change under it mid-life.
ORDINARY	NO-SUBJECT	comment	boltrig/fleet/infrastructure/codex_model_proxy_server.py:205		runtime's own config: Codex 0.144.3 cannot suppress its built-in
ORDINARY	NO-SUBJECT	comment	boltrig/fleet/infrastructure/codex_model_proxy_server.py:228		The kernel-only upstream key is injected here and NEVER seen by the
ORDINARY	NO-SUBJECT	comment	boltrig/fleet/infrastructure/codex_model_proxy_server.py:236		Exclusivity limb (a): the chokepoint is only the only path if the
ORDINARY	NO-SUBJECT	comment	boltrig/fleet/infrastructure/codex_model_proxy_server.py:237		tail cannot leave it.
ORDINARY	NO-SUBJECT	comment	boltrig/fleet/infrastructure/codex_model_proxy_server.py:277		Fail-closed truncation is correct either way;
ORDINARY	NO-SUBJECT	comment	boltrig/fleet/infrastructure/codex_model_proxy_server.py:279		the ceiling this run held the reason).
ORDINARY	NO-SUBJECT	docstring	boltrig/fleet/infrastructure/codex_model_proxy_server.py:299		Read the request body under the hard verifiable cap.
ORDINARY	NO-SUBJECT	comment	boltrig/fleet/infrastructure/codex_model_proxy_server.py:56		transport never imports or hard-codes a store.
ORDINARY	NO-SUBJECT	docstring	boltrig/fleet/infrastructure/codex_protocol.py:16		Base error whose text never includes request or response payloads.
ORDINARY	NO-SUBJECT	comment	boltrig/fleet/infrastructure/codex_runtime_actor.py:264		exception's TYPE is a class name from our own stack - never model output,
ORDINARY	NO-SUBJECT	comment	boltrig/fleet/infrastructure/codex_runtime_actor.py:265		tool arguments, or user text - so it is safe here and it is the only
ORDINARY	NO-SUBJECT	comment	boltrig/fleet/infrastructure/codex_runtime_actor.py:315		it is never translated into the ledger.
ORDINARY	NO-SUBJECT	comment	boltrig/fleet/infrastructure/codex_runtime_actor.py:375		message are server-owned, never model or user content).
ORDINARY	NO-SUBJECT	comment	boltrig/fleet/infrastructure/codex_runtime_admission.py:100		catalogue names cannot represent wire names, and kernel tools are not
ORDINARY	NO-SUBJECT	comment	boltrig/fleet/infrastructure/codex_runtime_admission.py:160		ONE (the kernel's own face).
ORDINARY	NO-SUBJECT	comment	boltrig/fleet/infrastructure/codex_runtime_admission.py:161		declared - or declaring one that never came up - fails closed here.
ORDINARY	NO-SUBJECT	comment	boltrig/fleet/infrastructure/codex_runtime_admission.py:248		pinning is never implied by omission.
ORDINARY	NO-SUBJECT	comment	boltrig/fleet/infrastructure/codex_runtime_config.py:246		Derived from the record, so it cannot disagree with it.
ORDINARY	NO-SUBJECT	comment	boltrig/fleet/infrastructure/codex_runtime_config_argv.py:115		Pin the kernel-tools MCP leaves too: a rewritten per-cell config cannot
ORDINARY	NO-SUBJECT	docstring	boltrig/fleet/infrastructure/codex_runtime_config_argv.py:230		Refuse an argv whose auth.args names another cell.
ORDINARY	NO-SUBJECT	docstring	boltrig/fleet/infrastructure/codex_runtime_config_policy.py:152		The MCP server pair is both-present or both-absent, never half-wired.
ORDINARY	NO-SUBJECT	comment	boltrig/fleet/infrastructure/codex_runtime_config_toml.py:20		the named environment variable at spawn time - never in this file, never on
ORDINARY	NO-SUBJECT	docstring	boltrig/fleet/infrastructure/codex_runtime_event_state.py:10		Detect native lifecycle drift;
ORDINARY	NO-SUBJECT	docstring	boltrig/fleet/infrastructure/codex_runtime_event_state.py:69		Refuse root completion while any observed descendant work is still live.
ORDINARY	NO-SUBJECT	comment	boltrig/fleet/infrastructure/codex_runtime_events.py:115		seam only.
ORDINARY	NO-SUBJECT	docstring	boltrig/fleet/infrastructure/codex_runtime_events.py:448		A usage count, floored at 0.
ORDINARY	NO-SUBJECT	docstring	boltrig/fleet/infrastructure/codex_runtime_events.py:65		Normalize observations; native limits are detection tripwires, not controls.
ORDINARY	NO-SUBJECT	comment	boltrig/fleet/infrastructure/codex_runtime_preflight.py:289		fail-closed.
ORDINARY	NO-SUBJECT	docstring	boltrig/fleet/infrastructure/codex_runtime_validation.py:130		Copy a schema so a malformed mutable backing value cannot race the request.
ORDINARY	NO-SUBJECT	comment	boltrig/fleet/infrastructure/codex_runtime_validation.py:57		cannot predict, so the exact spec-token compare is relaxed to a slot-shape
ORDINARY	NO-SUBJECT	docstring	boltrig/fleet/infrastructure/codex_sandbox_engagement.py:146		Leg one.
ORDINARY	NO-SUBJECT	docstring	boltrig/fleet/infrastructure/codex_sandbox_engagement.py:164		Leg two, the claim.
ORDINARY	NO-SUBJECT	docstring	boltrig/fleet/infrastructure/codex_sandbox_engagement.py:185		Leg three, the negative control.
ORDINARY	NO-SUBJECT	docstring	boltrig/fleet/infrastructure/codex_sandbox_engagement.py:211		Prove the read-only sandbox refuses writes on this host, right now.
ORDINARY	NO-SUBJECT	docstring	boltrig/fleet/infrastructure/codex_server_request_handler.py:57		The approve option could not be identified unambiguously (fail closed).
ORDINARY	NO-SUBJECT	docstring	boltrig/fleet/infrastructure/codex_server_request_handler.py:61		Derive codex's answer to a server-initiated request; never crash the pump.
ORDINARY	NO-SUBJECT	comment	boltrig/fleet/infrastructure/codex_server_request_handler.py:74		Fail closed: refuse rather than guess a label;
ORDINARY	NO-SUBJECT	comment	boltrig/fleet/infrastructure/codex_server_request_handler.py:75		runs on a fabricated approval, and we never auto-deny before it either.
ORDINARY	NO-SUBJECT	docstring	boltrig/fleet/infrastructure/codex_server_request_handler.py:99		The unique offered option label that means approve, else fail closed.
ORDINARY	NO-SUBJECT	comment	boltrig/fleet/infrastructure/codex_stdio_transport.py:18		its pidfd can observe THAT it exited but never its real wait status.
ORDINARY	NO-SUBJECT	comment	boltrig/fleet/infrastructure/codex_stdio_transport.py:20		clean cell teardown - so on its own it must never read as a failure, or every
ORDINARY	NO-SUBJECT	comment	boltrig/fleet/infrastructure/codex_stdio_transport.py:245		The type is our own class name, never cell output (K-20).
ORDINARY	NO-SUBJECT	comment	boltrig/fleet/infrastructure/codex_stdio_transport.py:25		teardown, never logged verbatim (codex stderr can carry tool arguments = user
ORDINARY	NO-SUBJECT	comment	boltrig/fleet/infrastructure/codex_stdio_transport.py:257		(never raises - a diagnostic must not turn a clean close into a failure).
ORDINARY	NO-SUBJECT	comment	boltrig/fleet/infrastructure/codex_stdio_transport.py:261		lines.
ORDINARY	NO-SUBJECT	comment	boltrig/fleet/infrastructure/codex_stdio_transport.py:274		Drain stderr (so the pipe never blocks the child) while ACCUMULATING the
ORDINARY	NO-SUBJECT	comment	boltrig/fleet/infrastructure/codex_stdio_transport.py:293		labels only, never a stderr line - so a degraded cell is diagnosable
ORDINARY	NO-SUBJECT	comment	boltrig/fleet/infrastructure/codex_stdio_transport.py:302		close failed pass force=True and always get returncode + markers.
ORDINARY	NO-SUBJECT	comment	boltrig/fleet/infrastructure/codex_stdio_transport.py:31		label.
ORDINARY	NO-SUBJECT	docstring	boltrig/fleet/infrastructure/codex_trusted_cell_config.py:42		Return allocated credentials, never credentials asserted by the child.
ORDINARY	NO-SUBJECT	comment	boltrig/fleet/infrastructure/codex_trusted_proxy_ingress.py:153		The dropped API (uid 10001, empty permitted set) cannot read a uid-distinct
ORDINARY	NO-SUBJECT	comment	boltrig/fleet/infrastructure/codex_trusted_proxy_ingress.py:164		The capture is a CROSS-CHECK, never the source of the expectation: that is what lets
ORDINARY	NO-SUBJECT	docstring	boltrig/fleet/infrastructure/codex_trusted_proxy_ingress.py:329		Assert the boundary, register the App Server, bind, and start serving.
ORDINARY	NO-SUBJECT	comment	boltrig/fleet/infrastructure/codex_trusted_proxy_provider.py:191		environment never carries the upstream key (CODEX_ACCESS_TOKEN).
ORDINARY	NO-SUBJECT	comment	boltrig/fleet/infrastructure/codex_trusted_proxy_provider.py:223		helper on a writable path can never construct a live provider at all.
ORDINARY	NO-SUBJECT	comment	boltrig/fleet/infrastructure/codex_trusted_proxy_provider.py:230		pops it.
ORDINARY	NO-SUBJECT	comment	boltrig/fleet/infrastructure/codex_trusted_proxy_provider.py:236		registers, provisioning the forbidden two-cell state.
ORDINARY	NO-SUBJECT	comment	boltrig/fleet/infrastructure/codex_trusted_proxy_provider.py:314		by the supervisor and never handed out.
ORDINARY	NO-SUBJECT	comment	boltrig/fleet/infrastructure/codex_trusted_proxy_provider.py:323		start() only returns once on_spawned succeeded, so this cannot
ORDINARY	NO-SUBJECT	comment	boltrig/fleet/infrastructure/codex_trusted_proxy_provider.py:324		happen;
ORDINARY	NO-SUBJECT	comment	boltrig/fleet/infrastructure/codex_trusted_proxy_provider.py:440		A failed acquire must not strand the API-owned cell tree the
ORDINARY	NO-SUBJECT	comment	boltrig/fleet/infrastructure/codex_trusted_proxy_provider.py:462		An EMPTY ceiling is never admitted as a tools lane: the config
ORDINARY	NO-SUBJECT	comment	boltrig/fleet/infrastructure/codex_trusted_proxy_provider.py:464		the two must always agree.
ORDINARY	NO-SUBJECT	comment	boltrig/fleet/infrastructure/codex_trusted_proxy_provider.py:503		keep the protocol-only seam and cannot accidentally fabricate evidence.
ORDINARY	NO-SUBJECT	comment	boltrig/fleet/infrastructure/codex_trusted_proxy_provider.py:645		successor can never take a uid still in use (J10).
ORDINARY	NO-SUBJECT	comment	boltrig/fleet/infrastructure/codex_trusted_proxy_support.py:73		proxy and never lives here.
ORDINARY	NO-SUBJECT	comment	boltrig/fleet/infrastructure/codex_trusted_proxy_support.py:77		never has to be escaped into the Python literal.
ORDINARY	NO-SUBJECT	comment	boltrig/fleet/infrastructure/linux_peer_identity.py:168		capless API cannot perform;
ORDINARY	NO-SUBJECT	comment	boltrig/fleet/infrastructure/linux_peer_process_handle.py:13		Python may not expose this newer Linux socket option even when the running
ORDINARY	NO-SUBJECT	docstring	boltrig/fleet/infrastructure/memory_execution_ledger.py:65		Serializable non-evicting fake that fails closed at configured limits.
ORDINARY	NO-SUBJECT	docstring	boltrig/fleet/infrastructure/memory_grant_lease_support.py:27		The bounded local adapter cannot retain another security tombstone.
ORDINARY	NO-SUBJECT	docstring	boltrig/fleet/infrastructure/memory_ledger_capacity.py:1		Fail-closed capacity checks for the bounded in-memory execution ledger.
ORDINARY	NO-SUBJECT	docstring	boltrig/fleet/infrastructure/memory_ledger_validation.py:1		Fail-closed hierarchy and lifecycle checks for the memory ledger adapter.
ORDINARY	NO-SUBJECT	docstring	boltrig/fleet/infrastructure/memory_model_proxy_grants.py:45		Security state cannot grow without exceeding its configured hard bound.
ORDINARY	NO-SUBJECT	docstring	boltrig/fleet/infrastructure/model_proxy_ceiling_errors.py:1		Shared fail-closed model-proxy ceiling errors.
ORDINARY	NO-SUBJECT	comment	boltrig/fleet/infrastructure/model_proxy_peer_ancestry.py:105		impossible in the single-cell posture, so almost always the >1 case is a
ORDINARY	NO-SUBJECT	comment	boltrig/fleet/infrastructure/model_proxy_peer_ancestry.py:110		"ambiguous" message hid.
ORDINARY	NO-SUBJECT	docstring	boltrig/fleet/infrastructure/model_proxy_peer_ancestry.py:122		A content-free descriptor of WHY no ancestor matched, for the server log.
ORDINARY	NO-SUBJECT	comment	boltrig/fleet/infrastructure/model_proxy_peer_ancestry.py:33		/proc/<pid>/ns/pid the capless API cannot read.
ORDINARY	NO-SUBJECT	comment	boltrig/fleet/infrastructure/model_proxy_peer_attestation.py:101		the caller.
ORDINARY	NO-SUBJECT	comment	boltrig/fleet/infrastructure/model_proxy_peer_attestation.py:98		Logged here, server-side only, never on the wire: the public
ORDINARY	NO-SUBJECT	comment	boltrig/fleet/infrastructure/model_proxy_peer_listener.py:193		Fail-closed: drop this peer, write nothing, keep serving.
ORDINARY	NO-SUBJECT	comment	boltrig/fleet/infrastructure/model_proxy_peer_listener.py:194		reason is safe: attestation/issuer failures carry static messages, never
ORDINARY	NO-SUBJECT	comment	boltrig/fleet/infrastructure/model_proxy_peer_listener.py:218		can shut down instead of hanging on a peer that will never arrive.
ORDINARY	NO-SUBJECT	comment	boltrig/fleet/infrastructure/model_proxy_peer_listener.py:46		Injected by the composition (never the real broker in tests): given the attested
ORDINARY	NO-SUBJECT	comment	boltrig/fleet/infrastructure/model_proxy_peer_listener.py:53		(never by widened file perms) - that widening is exactly what VJS-CC-VJS 2/3
ORDINARY	NO-SUBJECT	docstring	boltrig/fleet/infrastructure/model_proxy_peer_registry.py:206		Drop the oldest terminal tombstones once the terminal bound is exceeded.
ORDINARY	NO-SUBJECT	docstring	boltrig/fleet/infrastructure/model_proxy_peer_registry.py:73		Internal registration receipt;
ORDINARY	NO-SUBJECT	docstring	boltrig/fleet/infrastructure/model_proxy_tool_ceiling.py:128		The top-level tools one declared entry contributes after the ceiling.
ORDINARY	NO-SUBJECT	docstring	boltrig/fleet/infrastructure/model_proxy_tool_ceiling.py:229		The earliest event terminator in the buffer as ``(index, length)``.
ORDINARY	NO-SUBJECT	docstring	boltrig/fleet/infrastructure/model_proxy_tool_ceiling.py:248		Flush the trailing partial event at stream end.
ORDINARY	NO-SUBJECT	docstring	boltrig/fleet/infrastructure/model_proxy_tool_ceiling.py:330		The bare name + exact namespace a returned call maps to, or None.
ORDINARY	NO-SUBJECT	comment	boltrig/fleet/infrastructure/model_proxy_tool_ceiling.py:64		so without this the whole response would buffer, never emit, and the tool call
ORDINARY	NO-SUBJECT	comment	boltrig/fleet/infrastructure/model_proxy_tool_ceiling.py:69		namespace ONLY, so a qualified name can never smuggle a tool from elsewhere.
ORDINARY	NO-SUBJECT	comment	boltrig/fleet/infrastructure/postgres_capability_attestation_support.py:106		The interpolated name is a module-level column-list constant, never
ORDINARY	NO-SUBJECT	comment	boltrig/fleet/infrastructure/postgres_capability_attestation_support.py:120		The interpolated name is a module-level column-list constant, never
ORDINARY	NO-SUBJECT	comment	boltrig/fleet/infrastructure/postgres_grant_lease_support.py:189		The interpolated name is a module-level column-list constant, never
ORDINARY	NO-SUBJECT	docstring	boltrig/fleet/infrastructure/postgres_ledger_hydrate.py:71		Serialize every mutation for one root run, exactly as the memory lock does.
ORDINARY	NO-SUBJECT	comment	boltrig/fleet/infrastructure/postgres_model_proxy_grant_support.py:217		The interpolated name is a module-level column-list constant, never
ORDINARY	NO-SUBJECT	comment	boltrig/fleet/infrastructure/postgres_root_engine_decisions.py:93		ON CONFLICT fired so a row must exist;
ORDINARY	NO-SUBJECT	docstring	boltrig/fleet/mastra.py:14		The Mastra-style plan cannot be compiled into a bounded workflow.
ORDINARY	NO-SUBJECT	comment	boltrig/fleet/model_gateway.py:155		: boolean; the URL is configured by presence.
ORDINARY	NO-SUBJECT	docstring	boltrig/fleet/model_gateway.py:33		An in-memory, TTL-bounded ``conversation_id -> model`` binding.
ORDINARY	NO-SUBJECT	docstring	boltrig/fleet/model_router.py:24		Choose an agent's governed endpoint for one input modality.
ORDINARY	NO-SUBJECT	docstring	boltrig/fleet/permanent_runtime.py:1		Governed lazy runtime binding for permanent Chief/Department profiles.
ORDINARY	NO-SUBJECT	docstring	boltrig/fleet/ports/authority.py:11		Resolve all current ceilings;
ORDINARY	NO-SUBJECT	docstring	boltrig/fleet/ports/capability_attestations.py:31		The bounded attestation store cannot retain another immutable set.
ORDINARY	NO-SUBJECT	docstring	boltrig/fleet/ports/execution_ledger.py:1		Canonical execution-ledger persistence boundary.
ORDINARY	NO-SUBJECT	docstring	boltrig/fleet/ports/root_engine_decisions.py:20		The bounded decision store cannot retain another immutable root.
ORDINARY	NO-SUBJECT	docstring	boltrig/fleet/ports/workflow.py:12		A meaningful Boltrig phase assignment, never a Codex thought/tool call.
ORDINARY	NO-SUBJECT	comment	boltrig/fleet/prompt_stack.py:103		are granted, reachable, and simply never CHOSEN.
ORDINARY	NO-SUBJECT	comment	boltrig/fleet/prompt_stack.py:26		in an <untrusted ...>...</untrusted> envelope is DATA to weigh, never an
ORDINARY	NO-SUBJECT	comment	boltrig/fleet/prompt_stack.py:44		recall, channel inbound text) are structurally wrapped so the model can always
ORDINARY	NO-SUBJECT	comment	boltrig/fleet/prompt_stack.py:75		its own pinned birth instructions and NEVER called compose_system_prompt, so
ORDINARY	NO-SUBJECT	comment	boltrig/fleet/prompt_stack.py:80		was tagging attacker-capable text for a model that had never been taught to
ORDINARY	NO-SUBJECT	comment	boltrig/fleet/prompt_stack.py:85		(a) the model emitted tool calls as PROSE, so they never reached the
ORDINARY	NO-SUBJECT	comment	boltrig/fleet/prompt_stack.py:89		repeating an identical call is never the recovery;
ORDINARY	NO-SUBJECT	comment	boltrig/fleet/prompt_stack.py:96		(f) the agent never remembered anything.
ORDINARY	NO-SUBJECT	comment	boltrig/fleet/pump.py:320		cancel arrived while routing, head.handle (the dispatch) never runs.
ORDINARY	NO-SUBJECT	comment	boltrig/fleet/pump.py:327		In-flight adapter call: a cancel requested DURING this never interrupts
ORDINARY	NO-SUBJECT	comment	boltrig/fleet/pump.py:329		at the next cooperative point (D3, FORBIDDEN: no mid-step hard kill).
ORDINARY	NO-SUBJECT	comment	boltrig/fleet/pump.py:340		never interrupted;
ORDINARY	NO-SUBJECT	docstring	boltrig/fleet/pump.py:355		Honor a ``workflow:<wf_id>`` target: trigger the named workflow (SEC-178).
ORDINARY	NO-SUBJECT	comment	boltrig/fleet/pump.py:421		D6: a convergent item whose aggregate is degraded is never DONE.
ORDINARY	NO-SUBJECT	comment	boltrig/fleet/pump.py:503		idempotent, so re-running it never double-writes ([2026] VJS-COUNTY 6, D1/D4).
ORDINARY	NO-SUBJECT	comment	boltrig/fleet/pump.py:586		D8: a refused cancel is logged by lease_token.write and NEVER swallowed -
ORDINARY	NO-SUBJECT	docstring	boltrig/fleet/pump.py:607		Notify a channel-originated item's human of its terminal state (SEC-179), and sweep the run's secure-input credentials (SEC-181).
ORDINARY	NO-SUBJECT	docstring	boltrig/fleet/pump.py:645		Re-save a succeeded, synthesised workflow as learned (US-WFL-03).
ORDINARY	NO-SUBJECT	comment	boltrig/fleet/pump.py:76		from (Phase 3, US-WFL-03).
ORDINARY	NO-SUBJECT	comment	boltrig/fleet/pump.py:87		a deterministic automation.
ORDINARY	NO-SUBJECT	comment	boltrig/fleet/reflection.py:70		failure must never fail the run - but a swallow at DEBUG made
ORDINARY	NO-SUBJECT	comment	boltrig/fleet/result.py:51		never at zero.
ORDINARY	NO-SUBJECT	docstring	boltrig/fleet/runtime.py:122		OpenAI-style messages with the authoritative system prompt prepended;
ORDINARY	NO-SUBJECT	docstring	boltrig/fleet/runtime.py:194		A typed unavailable result, never an unmarked echo.
ORDINARY	NO-SUBJECT	comment	boltrig/fleet/runtime.py:33		backend does not report real usage, so accounting is never left blank.
ORDINARY	NO-SUBJECT	comment	boltrig/fleet/runtime.py:42		is UNKNOWN and must degrade to the env default runtime, never crash a run (P9).
ORDINARY	NO-SUBJECT	comment	boltrig/fleet/runtime.py:448		degrade-marked under the REQUESTED lane's name, never the lane itself.
ORDINARY	NO-SUBJECT	comment	boltrig/fleet/runtime.py:73		Decision 0012: Codex is the only target agent runtime and script stays the
ORDINARY	NO-SUBJECT	comment	boltrig/fleet/runtime.py:86		set, or reducing it to Codex, is expressly forbidden while production_ready is
ORDINARY	NO-SUBJECT	docstring	boltrig/fleet/runtime_resolver.py:31		A composed runtime cannot honestly satisfy an authored pinned profile.
ORDINARY	NO-SUBJECT	comment	boltrig/fleet/spawn.py:225		cross: see _inherit_adapter_bearer for why the child cannot use the seal
ORDINARY	NO-SUBJECT	comment	boltrig/fleet/spawn.py:377		(0/0) is priced on the total exactly as before - never at zero.
ORDINARY	NO-SUBJECT	comment	boltrig/fleet/spawn.py:505		The run never happened: honest degradation (US-FLT-07), so the chat
ORDINARY	NO-SUBJECT	comment	boltrig/fleet/ultracode.py:67		(ultracode_memory.memory_prompt), never as bare prompt text (SEC-72).
ORDINARY	NO-SUBJECT	docstring	boltrig/fleet/ultracode_memory.py:283		Prompt-safe memory block: recall is untrusted data, never instruction.
ORDINARY	NO-SUBJECT	docstring	boltrig/fleet/workers.py:179		True when BOLTRIG_REQUIRE_DURABLE demands fail-closed selection (US-EXE-05).
ORDINARY	NO-SUBJECT	comment	boltrig/fleet/workers.py:212		fault leaves enqueue fail-closed (KeyError), never breaks boot (P9).
ORDINARY	NO-SUBJECT	comment	boltrig/identity/ai_keys.py:122		The org key always applies (independent of allow_own_ai_keys).
ORDINARY	NO-SUBJECT	comment	boltrig/identity/auth.py:169		A missing/non-numeric iat must not let a far-future exp sail through:
ORDINARY	NO-SUBJECT	comment	boltrig/identity/auth.py:368		Unmapped / none / an unknown tier -> denied fail-closed (K-13),
ORDINARY	NO-SUBJECT	comment	boltrig/identity/auth.py:72		(HS*) algorithm are rejected outright - never inferred from the JWKS - so an
ORDINARY	NO-SUBJECT	comment	boltrig/identity/auth.py:78		request with a bogus kid must not amplify into an outbound IdP fetch per
ORDINARY	NO-SUBJECT	comment	boltrig/identity/password_reset_evidence.py:15		deliberately never called, so attributing it to provider failure would
ORDINARY	NO-SUBJECT	comment	boltrig/identity/passwords.py:33		always fails but costs the same as a genuine verify.
ORDINARY	NO-SUBJECT	comment	boltrig/identity/passwords.py:80		A corrupt/foreign hash string is treated as a non-match (fail-closed),
ORDINARY	NO-SUBJECT	comment	boltrig/identity/provisioning.py:173		the first read so the _RlsPool does not fail closed on login.
ORDINARY	NO-SUBJECT	comment	boltrig/identity/rbac.py:139		(see identity/provisioning.effective_grants_for_request), never up (COUNTY 5).
ORDINARY	NO-SUBJECT	comment	boltrig/identity/rbac.py:173		only ever intersected DOWN, never widened): a workspace membership can only take
ORDINARY	NO-SUBJECT	comment	boltrig/identity/rbac.py:174		authority away, never add it.
ORDINARY	NO-SUBJECT	comment	boltrig/identity/rbac.py:175		grants unchanged (that path never reaches here) - backward-compat is pinned.
ORDINARY	NO-SUBJECT	comment	boltrig/identity/rbac.py:189		agent -> the agent ceiling: a non-human runtime seat operates but never
ORDINARY	NO-SUBJECT	comment	boltrig/identity/rbac.py:20		is the owner, admin is a full operator+configurator, member operates but cannot
ORDINARY	NO-SUBJECT	comment	boltrig/identity/rbac.py:201		Action suffixes that only READ (never mutate).
ORDINARY	NO-SUBJECT	comment	boltrig/identity/rbac.py:203		writes, so a viewer cannot keep it: it collapses (fail-closed, never widen).
ORDINARY	NO-SUBJECT	comment	boltrig/identity/sessions.py:194		pre-COUNTY-11: login never seeded an active org, so active_org_id is None)
ORDINARY	NO-SUBJECT	comment	boltrig/identity/sessions.py:197		(backward-compatible);
ORDINARY	NO-SUBJECT	comment	boltrig/identity/sessions.py:285		request.
ORDINARY	NO-SUBJECT	comment	boltrig/identity/sessions.py:288		membership was revoked drops fail-closed.
ORDINARY	NO-SUBJECT	comment	boltrig/identity/sessions.py:305		a cross-site form cannot set.
ORDINARY	NO-SUBJECT	comment	boltrig/identity/sessions.py:328		fail-closed and covers a mid-session policy flip, not just fresh logins.
ORDINARY	NO-SUBJECT	comment	boltrig/identity/sessions.py:359		never widen (COUNTY 5).
ORDINARY	NO-SUBJECT	comment	boltrig/identity/sessions.py:366		to it - a cross-org read is impossible.
ORDINARY	NO-SUBJECT	comment	boltrig/identity/tokens.py:115		it here.
ORDINARY	NO-SUBJECT	comment	boltrig/identity/tokens.py:131		effective_grants_for_request and narrow_grants_to_workspace, and never drive a
ORDINARY	NO-SUBJECT	docstring	boltrig/identity/totp.py:142		The at-rest sha256 of a recovery code - never the plaintext (D2).
ORDINARY	NO-SUBJECT	comment	boltrig/identity/totp.py:61		challenge path (D5): verifying a presented code against it always fails but
ORDINARY	NO-SUBJECT	docstring	boltrig/kernel/__init__.py:166		List work items, row-scoped by department at the store (US-IAM-02).
ORDINARY	NO-SUBJECT	comment	boltrig/kernel/__init__.py:52		[2026] VJS-COUNTY 9: the distinct, tamper-evident security-signal stream
ORDINARY	NO-SUBJECT	comment	boltrig/kernel/__init__.py:54		security writer records fail-safe so a signal never breaks a guarded path.
ORDINARY	NO-SUBJECT	comment	boltrig/kernel/__init__.py:75		selected;
ORDINARY	NO-SUBJECT	comment	boltrig/kernel/access_routes.py:224		Owner-only, fail-closed, audited answer to an agent's clarifying QUESTION
ORDINARY	NO-SUBJECT	comment	boltrig/kernel/access_routes.py:226		ONLY a QUESTION HITL - never an approval (those stay on the approvals panel
ORDINARY	NO-SUBJECT	comment	boltrig/kernel/access_routes.py:228		never be laundered into clearing a gated verb.
ORDINARY	NO-SUBJECT	comment	boltrig/kernel/access_routes.py:244		(SEC-181;
ORDINARY	NO-SUBJECT	comment	boltrig/kernel/access_routes.py:265		Owner-only, fail-closed, audited cancellation ([2026] VJS-COUNTY 6, D5):
ORDINARY	NO-SUBJECT	comment	boltrig/kernel/access_routes.py:266		scoped-read roles may read but never cancel, and a non-owner gets 403
ORDINARY	NO-SUBJECT	comment	boltrig/kernel/access_routes.py:276		never interrupted;
ORDINARY	NO-SUBJECT	comment	boltrig/kernel/access_routes.py:417		is RE-AUTHORIZED against membership, fail-closed: a workspace that does not
ORDINARY	NO-SUBJECT	comment	boltrig/kernel/access_routes.py:419		so a client can never set an active workspace it is not a member of, and a
ORDINARY	NO-SUBJECT	comment	boltrig/kernel/access_routes.py:420		client-supplied value is never trusted without this check.
ORDINARY	NO-SUBJECT	comment	boltrig/kernel/access_routes.py:424		session to carry an active context.
ORDINARY	NO-SUBJECT	comment	boltrig/kernel/access_routes.py:464		to several orgs;
ORDINARY	NO-SUBJECT	comment	boltrig/kernel/access_routes.py:465		RE-AUTHORIZED against org_members, fail-closed: an unknown org is 404, an org
ORDINARY	NO-SUBJECT	comment	boltrig/kernel/access_routes.py:476		active org.
ORDINARY	NO-SUBJECT	comment	boltrig/kernel/access_routes.py:582		denial leaves no invitation behind (fail-closed):
ORDINARY	NO-SUBJECT	comment	boltrig/kernel/access_routes.py:655		Org-admin only, fail-closed + audited: rename / settings / toggle the
ORDINARY	NO-SUBJECT	comment	boltrig/kernel/ai_key_proposal_routes.py:87		staging and never claim that the key was applied.
ORDINARY	NO-SUBJECT	comment	boltrig/kernel/app.py:109		request body can never seed kernel-trusted authority (principal_role/_scope
ORDINARY	NO-SUBJECT	docstring	boltrig/kernel/app.py:132		The one canonical kernel error body: a 403 is a denial, anything else is an error.
ORDINARY	NO-SUBJECT	comment	boltrig/kernel/app.py:137		A refusal that does not say what WOULD have been accepted cannot be acted
ORDINARY	NO-SUBJECT	docstring	boltrig/kernel/app.py:205		Caller-supplied spawn depth, clamped: garbage is 0 (never a 500) and a negative depth floors at 0, so a body can never reset the runaway-tree budget (fleet/spawn.py checks ``depth + 1 > max_depth``).
ORDINARY	NO-SUBJECT	comment	boltrig/kernel/app.py:249		builds the app without a resolver must not silently get full-trust auth.
ORDINARY	NO-SUBJECT	comment	boltrig/kernel/app.py:331		D1).
ORDINARY	NO-SUBJECT	comment	boltrig/kernel/app.py:353		SEC-186: the body may not name somebody else's run.
ORDINARY	NO-SUBJECT	comment	boltrig/kernel/app.py:50		request (fail-closed to None); never read from the request body.
ORDINARY	NO-SUBJECT	comment	boltrig/kernel/app.py:506		route so "search" is never captured as a conversation id.
ORDINARY	NO-SUBJECT	comment	boltrig/kernel/app.py:55		User-Agent), never from a body field.
ORDINARY	NO-SUBJECT	comment	boltrig/kernel/app.py:622		never load the whole visible set into a dict - that was O(all items).
ORDINARY	NO-SUBJECT	comment	boltrig/kernel/app.py:63		"machine" so an unlabelled resolver is refused, never admitted.
ORDINARY	NO-SUBJECT	comment	boltrig/kernel/app.py:634		out-of-scope reads 404 (not 403) so the item's existence never leaks.
ORDINARY	NO-SUBJECT	comment	boltrig/kernel/app.py:702		(visibility was fully enforced above);
ORDINARY	NO-SUBJECT	comment	boltrig/kernel/app_bodies.py:29		selects the handling department.
ORDINARY	NO-SUBJECT	comment	boltrig/kernel/app_bodies.py:51		{name, media_type, data (base64)}.
ORDINARY	NO-SUBJECT	comment	boltrig/kernel/app_bodies.py:74		selects the handling department.
ORDINARY	NO-SUBJECT	comment	boltrig/kernel/app_bodies.py:78		request, never authority: the runtime resolver looks it up only in
ORDINARY	NO-SUBJECT	comment	boltrig/kernel/approval_gate.py:101		cannot be redeemed for an action described differently.
ORDINARY	NO-SUBJECT	comment	boltrig/kernel/approval_gate.py:193		A spent approval must never silently re-pend;
ORDINARY	NO-SUBJECT	docstring	boltrig/kernel/approval_posture.py:1		Caller-owned approval posture for delegated agent tool calls.
ORDINARY	NO-SUBJECT	comment	boltrig/kernel/audit.py:237		Resolved once per verification, not per row: a rotation cannot move mid-scan, and the
ORDINARY	NO-SUBJECT	comment	boltrig/kernel/audit.py:260		writes cannot both claim seq=N+1 (a unique-violation on Postgres thrown
ORDINARY	NO-SUBJECT	comment	boltrig/kernel/audit.py:37		verify is indistinguishable from tampering, and a check that always fails is one people
ORDINARY	NO-SUBJECT	comment	boltrig/kernel/audit.py:42		it may not.
ORDINARY	NO-SUBJECT	comment	boltrig/kernel/audit.py:44		perfectly.
ORDINARY	NO-SUBJECT	docstring	boltrig/kernel/audit.py:52		[(retired_at_seq, key)] oldest boundary first; malformed entries are ignored.
ORDINARY	NO-SUBJECT	comment	boltrig/kernel/call_gateway_routes.py:65		history cannot be proven, typed provider work fails closed.
ORDINARY	NO-SUBJECT	comment	boltrig/kernel/channel_inbound_routes.py:53		channel into allowlist mode;
ORDINARY	NO-SUBJECT	docstring	boltrig/kernel/channel_pair_finalization.py:56		List only the caller's safe pairing intent;
ORDINARY	NO-SUBJECT	comment	boltrig/kernel/channel_principal.py:24		than the member tier - the lowest console tier, which operates but can never
ORDINARY	NO-SUBJECT	docstring	boltrig/kernel/channel_principal.py:31		The synthetic subject a self-onboarded stranger acts as (SEC-180).
ORDINARY	NO-SUBJECT	comment	boltrig/kernel/channel_principal.py:44		is the owner tier.
ORDINARY	NO-SUBJECT	comment	boltrig/kernel/channel_principal.py:45		member-bound sender operates but cannot configure/administer (``control.*``
ORDINARY	NO-SUBJECT	comment	boltrig/kernel/channel_principal.py:89		the deterministic synthetic-subject shape, never the message body.
ORDINARY	NO-SUBJECT	comment	boltrig/kernel/channel_routes.py:107		TO.
ORDINARY	NO-SUBJECT	comment	boltrig/kernel/channel_routes.py:117		never to an error - a malformed address must not drop a verified message).
ORDINARY	NO-SUBJECT	comment	boltrig/kernel/channel_routes.py:160		that sender in that thread.
ORDINARY	NO-SUBJECT	docstring	boltrig/kernel/channel_routes.py:220		Route a bound sender's HITL reply through the SHARED respond/answer logic (hitl_http) AS THAT PRINCIPAL - approver eligibility is exactly what hitl_response_auth enforces on the API, so a non-approver gets the same fail-
ORDINARY	NO-SUBJECT	comment	boltrig/kernel/channel_routes.py:236		message can never decide an approval: explicit /approve|/deny only).
ORDINARY	NO-SUBJECT	comment	boltrig/kernel/channel_routes.py:273		audit-always, keys-only (the decision kind and answer length, never text)
ORDINARY	NO-SUBJECT	comment	boltrig/kernel/channel_routes.py:335		deactivated user): onboarding must never mint a fresh synthetic
ORDINARY	NO-SUBJECT	docstring	boltrig/kernel/channel_routes.py:423		Role-rank clamp (parity with access_routes._reject_escalation, SEC-102): no principal may bind an external sender to a channel role ranked above its own - an admin must not mint a superadmin channel identity.
ORDINARY	NO-SUBJECT	comment	boltrig/kernel/channel_routes.py:436		stay kernel-side and never cross into an agent (SEC-04/05).
ORDINARY	NO-SUBJECT	comment	boltrig/kernel/channel_routes.py:64		channel must not let strangers mint unbounded synthetic identities.
ORDINARY	NO-SUBJECT	docstring	boltrig/kernel/channel_routes.py:68		The at-rest representation of a pairing code: sha256, never plaintext.
ORDINARY	NO-SUBJECT	comment	boltrig/kernel/control_routes.py:108		and must never turn success into a client-visible failure.
ORDINARY	NO-SUBJECT	docstring	boltrig/kernel/control_routes.py:13		Late-wire the built-in adapter for in-process/test app construction.
ORDINARY	NO-SUBJECT	comment	boltrig/kernel/control_routes.py:96		notifier or sweep cannot find an orphaned replay claimant.
ORDINARY	NO-SUBJECT	docstring	boltrig/kernel/conversation_list_views.py:38		Return enough matched content to explain a hit, never the full message.
ORDINARY	NO-SUBJECT	comment	boltrig/kernel/cost.py:293		raising callback must never abort a metered reservation, matching every
ORDINARY	NO-SUBJECT	comment	boltrig/kernel/cost.py:316		charged for a call that never ran).
ORDINARY	NO-SUBJECT	comment	boltrig/kernel/cost.py:45		policy-as-data price table (FR-COST-04) - a configured price always wins - and
ORDINARY	NO-SUBJECT	comment	boltrig/kernel/credentials.py:110		row is broken.
ORDINARY	NO-SUBJECT	comment	boltrig/kernel/desktop_routes.py:48		kernel on the serving loop, AFTER routes are registered, so it cannot
ORDINARY	NO-SUBJECT	docstring	boltrig/kernel/dev_egress_runtime.py:75		Read the declared posture off a loaded manifest.
ORDINARY	NO-SUBJECT	comment	boltrig/kernel/device_routes.py:40		request.
ORDINARY	NO-SUBJECT	comment	boltrig/kernel/dispatch.py:144		the caller's hint is built where it cannot contaminate a row.
ORDINARY	NO-SUBJECT	comment	boltrig/kernel/dispatch.py:150		a short scalar is taken - never free text, never a secret-bearing value.
ORDINARY	NO-SUBJECT	comment	boltrig/kernel/dispatch.py:200		decision and a relay failure never breaks a call (P9).
ORDINARY	NO-SUBJECT	comment	boltrig/kernel/dispatch.py:204		fail-safe (like the event relay) and never changes the dispatch outcome.
ORDINARY	NO-SUBJECT	docstring	boltrig/kernel/dispatch.py:296		Publish a run event, fail-safe.
ORDINARY	NO-SUBJECT	comment	boltrig/kernel/dispatch.py:369		attributes which adapter serviced the call (it was always None before).
ORDINARY	NO-SUBJECT	comment	boltrig/kernel/dispatch.py:379		keys (K-20), never the raw input (see fleet/chat._project_chat_event).
ORDINARY	NO-SUBJECT	comment	boltrig/kernel/dispatch.py:480		1.
ORDINARY	NO-SUBJECT	comment	boltrig/kernel/dispatch.py:513		call the adapter provably never saw, and the retry that retry_after
ORDINARY	NO-SUBJECT	comment	boltrig/kernel/dispatch.py:553		invalid output) must release the claim like the gate above, never park
ORDINARY	NO-SUBJECT	comment	boltrig/kernel/dispatch.py:560		raises PendingHuman - it never touches an adapter/agent.
ORDINARY	NO-SUBJECT	comment	boltrig/kernel/dispatch.py:686		reference fails closed (CredentialResolution).
ORDINARY	NO-SUBJECT	comment	boltrig/kernel/events.py:100		resumed run never re-uses a seq a live cursor already passed.
ORDINARY	NO-SUBJECT	docstring	boltrig/kernel/events.py:319		Select the relay explicitly;
ORDINARY	NO-SUBJECT	comment	boltrig/kernel/events.py:95		list index would shift on every trim;
ORDINARY	NO-SUBJECT	comment	boltrig/kernel/hands_registry.py:30		A command the executor never claims (offline) or never completes (crashed
ORDINARY	NO-SUBJECT	comment	boltrig/kernel/hands_registry.py:31		mid-action) must not linger: after the TTL it is expired and swept, so a stale
ORDINARY	NO-SUBJECT	comment	boltrig/kernel/hands_registry.py:32		window action can never be picked up and executed late.
ORDINARY	NO-SUBJECT	comment	boltrig/kernel/hands_registry.py:33		(8 s) is deliberately shorter than this, so a waiting dispatch always resolves
ORDINARY	NO-SUBJECT	docstring	boltrig/kernel/hands_registry.py:84		Mark a command claimed (mark-on-read) and return it, or None when the id is unknown, expired, or already claimed.
ORDINARY	NO-SUBJECT	docstring	boltrig/kernel/hands_registry.py:95		Resolve a command with the executor's receipt.
ORDINARY	NO-SUBJECT	comment	boltrig/kernel/held_call.py:184		DIFFERENT action and can never spend the approval it was held for.
ORDINARY	NO-SUBJECT	docstring	boltrig/kernel/held_call.py:323		The recorded call for an answered approval, or None when it is gone.
ORDINARY	NO-SUBJECT	comment	boltrig/kernel/held_call.py:59		same question and cannot drift apart.
ORDINARY	NO-SUBJECT	docstring	boltrig/kernel/held_call.py:96		Whether this pause could be RECORDED as a held call if it happened now.
ORDINARY	NO-SUBJECT	comment	boltrig/kernel/hitl.py:216		expired on the spot and refuses the answer with a typed 409 - the
ORDINARY	NO-SUBJECT	comment	boltrig/kernel/hitl.py:289		A stale approval can never execute (SEC-14): the human approved in
ORDINARY	NO-SUBJECT	docstring	boltrig/kernel/hitl_expiry.py:124		Drop the seal of a write held by a request that has just timed out.
ORDINARY	NO-SUBJECT	comment	boltrig/kernel/hitl_expiry.py:206		the loop below simply never ran.
ORDINARY	NO-SUBJECT	comment	boltrig/kernel/hitl_expiry.py:58		default (never a boot crash, P9).
ORDINARY	NO-SUBJECT	comment	boltrig/kernel/hitl_http.py:126		An approval whose context is not canonical JSON cannot be raised by
ORDINARY	NO-SUBJECT	comment	boltrig/kernel/hitl_http.py:127		the gate (it refuses at creation), so this is a legacy or hand-made
ORDINARY	NO-SUBJECT	comment	boltrig/kernel/hitl_http.py:193		Either relief (sole_author / development_posture) always leaves a
ORDINARY	NO-SUBJECT	comment	boltrig/kernel/hitl_http.py:253		Owner = the run's owning work item's on_behalf_of;
ORDINARY	NO-SUBJECT	comment	boltrig/kernel/hitl_http.py:254		write when ownership cannot be confirmed.
ORDINARY	NO-SUBJECT	comment	boltrig/kernel/hitl_response_auth.py:199		AFTER the relief, never before: dev_posture.posture_block lifts
ORDINARY	NO-SUBJECT	comment	boltrig/kernel/hitl_response_auth.py:200		INDEPENDENCE and never authority, so a superadmin without the verb's
ORDINARY	NO-SUBJECT	comment	boltrig/kernel/hitl_response_auth.py:286		the route admitted a user the notice never told.
ORDINARY	NO-SUBJECT	comment	boltrig/kernel/hitl_response_auth.py:322		HOW this caller authenticated, which is the only fact here the store
ORDINARY	NO-SUBJECT	comment	boltrig/kernel/hitl_response_auth.py:323		cannot answer.
ORDINARY	NO-SUBJECT	docstring	boltrig/kernel/invoke_finalization.py:12		Return only the state needed to resume an exact caller-held invocation.
ORDINARY	NO-SUBJECT	comment	boltrig/kernel/mcp.py:212		(list_verbs, get_tenant_permissions, get_verb).
ORDINARY	NO-SUBJECT	comment	boltrig/kernel/mcp.py:214		would see a null GUC and fail closed on every tool list/call.
ORDINARY	NO-SUBJECT	comment	boltrig/kernel/mcp.py:63		The run that DELEGATED to this one.
ORDINARY	NO-SUBJECT	comment	boltrig/kernel/pii.py:122		may not be widened for one of them.
ORDINARY	NO-SUBJECT	comment	boltrig/kernel/platform_routes/admin.py:50		a bare ValueError never leaks internal text as the client reason.
ORDINARY	NO-SUBJECT	docstring	boltrig/kernel/platform_routes/bifrost_models.py:41		Re-project even an injected provider so extra upstream fields cannot escape.
ORDINARY	NO-SUBJECT	docstring	boltrig/kernel/platform_routes/chat_model_choices.py:155		Project exact model names, never endpoint topology or credentials.
ORDINARY	NO-SUBJECT	comment	boltrig/kernel/platform_routes/eval_routes.py:34		creation;
ORDINARY	NO-SUBJECT	comment	boltrig/kernel/platform_routes/model_endpoints.py:153		of this record and is never returned.
ORDINARY	NO-SUBJECT	docstring	boltrig/kernel/platform_routes/model_endpoints.py:182		Project process-start model policy without provider topology or secrets.
ORDINARY	NO-SUBJECT	comment	boltrig/kernel/platform_routes/observability.py:250		so it cannot be the roster source).
ORDINARY	NO-SUBJECT	comment	boltrig/kernel/platform_routes/observability.py:253		parent is never revived by a visible child.
ORDINARY	NO-SUBJECT	comment	boltrig/kernel/platform_routes/observability.py:54		adapters / workflows / MCP) and when, read straight from the tamper-evident
ORDINARY	NO-SUBJECT	comment	boltrig/kernel/platform_routes/personal.py:11		Runtime names a worker capability.
ORDINARY	NO-SUBJECT	comment	boltrig/kernel/platform_routes/workflows.py:260		a bare ValueError never leaks internal text as the client reason.
ORDINARY	NO-SUBJECT	docstring	boltrig/kernel/realtime_call_bridge.py:18		Best-effort observation;
ORDINARY	NO-SUBJECT	comment	boltrig/kernel/registry.py:150		With no caller context, fall back to the ceiling (internal callers).
ORDINARY	NO-SUBJECT	comment	boltrig/kernel/run_access.py:224		Preserve legitimate child-only trees, but never let a visible child revive a
ORDINARY	NO-SUBJECT	comment	boltrig/kernel/run_access.py:243		Guarantee the root is present even if a clamp dropped it from the slice.
ORDINARY	NO-SUBJECT	comment	boltrig/kernel/run_event_projection.py:32		guarantee it is never itself sensitive;
ORDINARY	NO-SUBJECT	docstring	boltrig/kernel/run_event_projection.py:40		A bounded, VALUE-FREE description of a verb's output (K-20): the output's top-level key names only, never the values.
ORDINARY	NO-SUBJECT	docstring	boltrig/kernel/run_scoped_credentials.py:30		Fail closed unless the sealed row belongs to the current identity.
ORDINARY	NO-SUBJECT	comment	boltrig/kernel/schema_diagnosis.py:145		row it must never join would put the two provenances one typo apart.
ORDINARY	NO-SUBJECT	comment	boltrig/kernel/schema_diagnosis.py:148		schema_path back into the schema document.
ORDINARY	NO-SUBJECT	comment	boltrig/kernel/sensing_capability.py:125		never asked for that capability" -- described a check nobody runs.
ORDINARY	NO-SUBJECT	comment	boltrig/kernel/sensing_capability.py:141		: capability name at Settings would send them looking for a control that cannot
ORDINARY	NO-SUBJECT	comment	boltrig/kernel/sensing_capability.py:228		cannot read this object and conclude it is bundle-shaped data.
ORDINARY	NO-SUBJECT	comment	boltrig/kernel/sensing_policy.py:104		: replug, so a transient kernel outage must never cost one.
ORDINARY	NO-SUBJECT	comment	boltrig/kernel/sensing_policy.py:267		Presence cannot run without a room-calibrated threshold, so the
ORDINARY	NO-SUBJECT	comment	boltrig/kernel/sensing_policy.py:268		config never reports it enabled when there is not one.
ORDINARY	NO-SUBJECT	comment	boltrig/kernel/sensing_policy.py:269		would hard-exit;
ORDINARY	NO-SUBJECT	comment	boltrig/kernel/sensing_policy.py:49		: Every key this module owns.
ORDINARY	NO-SUBJECT	comment	boltrig/kernel/sensing_policy.py:61		: THE ENROLLED FACE IS KERNEL DATA, NEVER BUNDLE DATA.
ORDINARY	NO-SUBJECT	comment	boltrig/kernel/sensing_policy.py:65		: character must not carry someone's biometrics.
ORDINARY	NO-SUBJECT	comment	boltrig/kernel/sensing_routes.py:214		as "you may not", which is a different and untrue statement.
ORDINARY	NO-SUBJECT	docstring	boltrig/kernel/tool_disclosure.py:99		0 for a low-consequence verb, 1 for a high-consequence one.
ORDINARY	NO-SUBJECT	docstring	boltrig/kernel/web_security.py:1		Edge/web hardening for the kernel FastAPI app (Batch 1 WEB-* + RES-01).
ORDINARY	NO-SUBJECT	docstring	boltrig/kernel/web_security.py:277		Install the edge/web hardening middleware (WEB-02/03/05/06, RES-01).
ORDINARY	NO-SUBJECT	comment	boltrig/kernel/web_security.py:306		Explicit allowlist only - never '*' with credentials, never reflect.
ORDINARY	NO-SUBJECT	comment	boltrig/kernel/web_security.py:78		DERIVED, never configured (see the UI's mountPrefix): the edge states it per
ORDINARY	NO-SUBJECT	comment	boltrig/kernel/web_security.py:82		the same reason client_ip refuses X-Forwarded-For by default: a header a client
ORDINARY	NO-SUBJECT	comment	boltrig/kernel/web_security.py:84		OWN cookie and never widen anyone else's, so the exposure is slight - but a
ORDINARY	NO-SUBJECT	comment	boltrig/knowledge/bootstrap.py:27		Default OFF: a manifest without a ``knowledge:`` section must not silently
ORDINARY	NO-SUBJECT	docstring	boltrig/knowledge/projections.py:1		Rebuildable compiler fanout;
ORDINARY	NO-SUBJECT	comment	boltrig/memory/cognee.py:237		graph_completion: BFS over explicit edges, NEVER leaving the allowed
ORDINARY	NO-SUBJECT	comment	boltrig/memory/cognee.py:90		ambient .env into os.environ.
ORDINARY	NO-SUBJECT	comment	boltrig/memory/local.py:67		graph_completion: BFS over explicit edges, NEVER leaving the allowed
ORDINARY	NO-SUBJECT	comment	boltrig/memory/pgvector.py:136		in-scope node set (scope-filtered in SQL: out-of-scope rows never read)
ORDINARY	NO-SUBJECT	docstring	boltrig/memory/projection_queue.py:69		Return safe facts about this live queue seam, never its task payloads.
ORDINARY	NO-SUBJECT	comment	boltrig/memory/projections.py:155		was advertised and read by nothing, so a failed projection was never
ORDINARY	NO-SUBJECT	comment	boltrig/memory/projections.py:191		failed, never retried - retrying a call that "succeeded"
ORDINARY	NO-SUBJECT	comment	boltrig/memory/projections.py:251		status records delete_failed and is never retried.
ORDINARY	NO-SUBJECT	comment	boltrig/memory/session_distillation.py:158		Replace, never accumulate (#43): the old summary is retired FIRST so a
ORDINARY	NO-SUBJECT	comment	boltrig/memory/session_distillation.py:183		exactly one, always describing the latest summary.
ORDINARY	NO-SUBJECT	comment	boltrig/memory/session_distillation.py:224		INSIDE selection (the 2026-07-30 wedge filtered every candidate away) cannot
ORDINARY	NO-SUBJECT	comment	boltrig/memory/session_distillation.py:234		generic seat cannot work: memory RBAC derives the permitted owner
ORDINARY	NO-SUBJECT	comment	boltrig/memory/session_distillation.py:299		never change the sweep outcome, and a failed write must not stall the
ORDINARY	NO-SUBJECT	comment	boltrig/memory/vector.py:85		graph_completion: BFS over explicit edges, NEVER leaving the allowed
ORDINARY	NO-SUBJECT	comment	boltrig/models/access.py:109		It is a HINT persisted on the session, NEVER trusted on its own: the resolver
ORDINARY	NO-SUBJECT	comment	boltrig/models/access.py:111		None if the user is no longer a member (fail-closed), so a stale row can never
ORDINARY	NO-SUBJECT	comment	boltrig/models/access.py:117		HINT persisted on the session, NEVER trusted on its own: the resolver
ORDINARY	NO-SUBJECT	comment	boltrig/models/access.py:119		it, and an org SWITCH (POST /v1/me/active-org) is the only way it changes.
ORDINARY	NO-SUBJECT	comment	boltrig/models/audit.py:51		tamper-evident stream deliberately: it is the one signal saying a control
ORDINARY	NO-SUBJECT	docstring	boltrig/models/background_jobs.py:1		Bounded, secret-free evidence from periodic background maintenance loops.
ORDINARY	NO-SUBJECT	comment	boltrig/models/background_jobs.py:27		parse.
ORDINARY	NO-SUBJECT	comment	boltrig/models/background_jobs.py:36		"never written a row" is decidable: no receipts = disabled or no pump;
ORDINARY	NO-SUBJECT	docstring	boltrig/models/camera_actions.py:1		Canonical camera actions for camera-specific signed leases.
ORDINARY	NO-SUBJECT	docstring	boltrig/models/channel_providers.py:1		Canonical channel-provider contracts.
ORDINARY	NO-SUBJECT	comment	boltrig/models/channels.py:43		app credentials) - never plaintext, never returned to an agent.
ORDINARY	NO-SUBJECT	comment	boltrig/models/channels.py:47		preserves historical intake behaviour, while its presence fails closed on
ORDINARY	NO-SUBJECT	comment	boltrig/models/channels.py:50		Addressing (Phase 2, routing data - never authority):
ORDINARY	NO-SUBJECT	comment	boltrig/models/channels.py:61		anything higher disables onboarding fail-closed
ORDINARY	NO-SUBJECT	comment	boltrig/models/context.py:28		is never trusted from the client.
ORDINARY	NO-SUBJECT	comment	boltrig/models/context.py:34		the User-Agent), never read from an untrusted body field by a handler.
ORDINARY	NO-SUBJECT	comment	boltrig/models/context.py:43		The kernel dispatch never reads this;
ORDINARY	NO-SUBJECT	comment	boltrig/models/conversation.py:60		filtered out of continuity - it is never presented as live.
ORDINARY	NO-SUBJECT	comment	boltrig/models/egress_diversion.py:18		status - which is every reader that matters - cannot read a diversion as a
ORDINARY	NO-SUBJECT	docstring	boltrig/models/errors.py:171		The current spawn-rule snapshot cannot produce one governed route.
ORDINARY	NO-SUBJECT	docstring	boltrig/models/errors.py:234		An archived evaluation case cannot start a new run.
ORDINARY	NO-SUBJECT	docstring	boltrig/models/execution_events.py:59		Typed bounded metadata;
ORDINARY	NO-SUBJECT	docstring	boltrig/models/execution_work_values.py:99		The irreducible digests naming one exact capability-attestation set.
ORDINARY	NO-SUBJECT	docstring	boltrig/models/familiar.py:25		Identity-only birth configuration;
ORDINARY	NO-SUBJECT	comment	boltrig/models/grants.py:163		A frequently-needed sentinel: grants nothing (fail-closed default).
ORDINARY	NO-SUBJECT	docstring	boltrig/models/hitl.py:1		Human-in-the-loop request/response contracts (S6.4, S7.6).
ORDINARY	NO-SUBJECT	comment	boltrig/models/hitl.py:23		fail-closed ``/v1/hitl/{id}/answer`` route, never by the approvals gate: an
ORDINARY	NO-SUBJECT	comment	boltrig/models/hitl.py:25		into a paused run, so the two must never be interchangeable (H1 / SEC-14).
ORDINARY	NO-SUBJECT	comment	boltrig/models/hitl.py:76		SEC-181: a secure QUESTION asks for a value the agent never sees.
ORDINARY	NO-SUBJECT	docstring	boltrig/models/libraries.py:1		The "fat library" record types (S6.2): adapters, skills, agent capabilities, workflow definitions, model endpoints, budgets.
ORDINARY	NO-SUBJECT	comment	boltrig/models/libraries.py:106		only ever added, never touched by a manifest apply.
ORDINARY	NO-SUBJECT	comment	boltrig/models/libraries.py:109		Soft-active flag: a deactivated capability is never returned by
ORDINARY	NO-SUBJECT	comment	boltrig/models/libraries.py:110		list_capabilities so select_capability can never route to it.
ORDINARY	NO-SUBJECT	comment	boltrig/models/libraries.py:169		only for a caller whose active workspace is this one (or org-wide), never for
ORDINARY	NO-SUBJECT	comment	boltrig/models/libraries.py:170		a caller in a DIFFERENT workspace.
ORDINARY	NO-SUBJECT	comment	boltrig/models/libraries.py:183		table, no writer, no trigger (that order, forbidden clause 4).
ORDINARY	NO-SUBJECT	comment	boltrig/models/libraries.py:24		tiers must not quietly sort after "expensive" while billing as "standard".
ORDINARY	NO-SUBJECT	docstring	boltrig/models/permanent_fleet.py:1		Typed desired/observed state for the permanent fleet hierarchy.
ORDINARY	NO-SUBJECT	docstring	boltrig/models/realtime_calls.py:1		Durable metadata and normalized events for realtime voice sessions.
ORDINARY	NO-SUBJECT	comment	boltrig/models/realtime_calls.py:53		gateway receives after media-token redemption.
ORDINARY	NO-SUBJECT	comment	boltrig/models/realtime_calls.py:58		durable so a browser reload cannot silently fall back to another agent or
ORDINARY	NO-SUBJECT	docstring	boltrig/models/registry.py:1		The noun / verb / binding registry models (S6.1).
ORDINARY	NO-SUBJECT	comment	boltrig/models/tenancy.py:148		own base_url is used - so an existing deploy is byte-for-byte unchanged.
ORDINARY	NO-SUBJECT	docstring	boltrig/models/work.py:1		The work item - the source-agnostic normalised unit of work (S6.3, P10).
ORDINARY	NO-SUBJECT	comment	boltrig/models/work.py:62		never authority: None / "cos" addresses the tier-1 chief of staff (the
ORDINARY	NO-SUBJECT	docstring	boltrig/observability/background_jobs.py:115		Summarize only the newest retained receipt for each job.
ORDINARY	NO-SUBJECT	docstring	boltrig/observability/background_jobs.py:29		Best-effort evidence write that can never change the janitor outcome.
ORDINARY	NO-SUBJECT	docstring	boltrig/observability/backup_status.py:11		Read only the sidecar's atomic epoch marker, never backup artifacts.
ORDINARY	NO-SUBJECT	comment	boltrig/observability/codex_admission.py:30		A two-line constant flip must never turn a quarantined receipt into a
ORDINARY	NO-SUBJECT	docstring	boltrig/observability/langfuse_sink.py:238		Build a fail-closed sink from env without requiring Langfuse at import time.
ORDINARY	NO-SUBJECT	comment	boltrig/skills/shelf.py:102		--- the shelf: descriptions only, never bodies (SEC-57 / FR-SKILL-01) ---
ORDINARY	NO-SUBJECT	comment	boltrig/store/background_jobs.py:333		/readyz has no caller principal by design, so there is no request
ORDINARY	NO-SUBJECT	comment	boltrig/store/base.py:118		Observability-only rows feed stats;
ORDINARY	NO-SUBJECT	comment	boltrig/store/base.py:139		caller cannot decide a read-then-write race.
ORDINARY	NO-SUBJECT	comment	boltrig/store/base.py:140		one minted at claim and carried to the writing body, never one that body
ORDINARY	NO-SUBJECT	comment	boltrig/store/base.py:150		"exactly-once": the two are not the same guarantee and never will be.
ORDINARY	NO-SUBJECT	comment	boltrig/store/base.py:229		at each step boundary and stops BEFORE dispatching the next verb, never
ORDINARY	NO-SUBJECT	comment	boltrig/store/base.py:233		terminal CANCELLED state, so a cancelled run is never resurrected.
ORDINARY	NO-SUBJECT	comment	boltrig/store/base.py:255		caller that won the CAS, so a concurrent answer never gets clobbered.
ORDINARY	NO-SUBJECT	comment	boltrig/store/base.py:267		query, before the clamped LIMIT, so the route never loads-then-filters a
ORDINARY	NO-SUBJECT	comment	boltrig/store/base.py:326		memory), each floored at 0.
ORDINARY	NO-SUBJECT	comment	boltrig/store/base.py:426		Caller-safe delivery lifecycle.
ORDINARY	NO-SUBJECT	comment	boltrig/store/base.py:501		is kept APART from the user identity row (never in the User dataclass, so it
ORDINARY	NO-SUBJECT	comment	boltrig/store/base.py:530		D2: one-time recovery-code HASHES (never the plaintext).
ORDINARY	NO-SUBJECT	comment	boltrig/store/base.py:574		role can never be persisted.
ORDINARY	NO-SUBJECT	comment	boltrig/store/base.py:592		never the authority: get_org_member re-checks the RLS-fenced org_members row for
ORDINARY	NO-SUBJECT	comment	boltrig/store/base.py:594		never drifts.
ORDINARY	NO-SUBJECT	comment	boltrig/store/base.py:615		(SchemaValidationError) so an invalid level can never be persisted, mirroring the
ORDINARY	NO-SUBJECT	comment	boltrig/store/base.py:70		see every row, and is never reachable from the /v1/work HTTP surface.
ORDINARY	NO-SUBJECT	docstring	boltrig/store/camera_memory.py:1		In-memory durable-shape implementation for camera bindings and leases.
ORDINARY	NO-SUBJECT	comment	boltrig/store/capabilities.py:83		opts into preserving a retired row so an ordinary edit cannot smuggle
ORDINARY	NO-SUBJECT	comment	boltrig/store/channel_outbox.py:196		claim_work_item): FOR UPDATE SKIP LOCKED so concurrent sidecars never
ORDINARY	NO-SUBJECT	comment	boltrig/store/channel_outbox.py:244		terminally failed (a poison message never hot-loops).
ORDINARY	NO-SUBJECT	comment	boltrig/store/channels.py:108		control_channel_ops._bind_channel), so an id-arbitrated upsert never
ORDINARY	NO-SUBJECT	comment	boltrig/store/channels.py:235		The PRIMARY KEY first, BEFORE anything is removed.
ORDINARY	NO-SUBJECT	comment	boltrig/store/distillation_reads.py:63		caught this - the in-memory tests never touch the pool).
ORDINARY	NO-SUBJECT	comment	boltrig/store/idempotency.py:130		twin, whose claim never awaits between its dict read and write, has no such
ORDINARY	NO-SUBJECT	comment	boltrig/store/idempotency.py:183		a claim we never wrote - but say so, loudly.
ORDINARY	NO-SUBJECT	comment	boltrig/store/idempotency.py:186		in fact FREE becomes a silently dropped idempotency guarantee.
ORDINARY	NO-SUBJECT	docstring	boltrig/store/integration_contract.py:53		Return exactly one active adapter connection;
ORDINARY	NO-SUBJECT	comment	boltrig/store/memory.py:1063		out-of-set role so it can never be persisted.
ORDINARY	NO-SUBJECT	comment	boltrig/store/memory.py:1100		level can never be persisted.
ORDINARY	NO-SUBJECT	comment	boltrig/store/memory.py:180		from the user identity row so the hash never rides in a User view/export.
ORDINARY	NO-SUBJECT	comment	boltrig/store/memory.py:209		-> the requester.
ORDINARY	NO-SUBJECT	comment	boltrig/store/memory.py:313		conditional write would compare a stored object against itself and always
ORDINARY	NO-SUBJECT	comment	boltrig/store/memory.py:314		agree.
ORDINARY	NO-SUBJECT	comment	boltrig/store/memory.py:373		A copy: the claimer must not hold the stored object, or its own
ORDINARY	NO-SUBJECT	comment	boltrig/store/memory.py:409		so the original requester is never overwritten.
ORDINARY	NO-SUBJECT	comment	boltrig/store/memory.py:479		consume_hitl: a concurrently answered request is never clobbered.
ORDINARY	NO-SUBJECT	comment	boltrig/store/memory.py:598		conversations are ever considered, so another user's thread can never
ORDINARY	NO-SUBJECT	comment	boltrig/store/memory.py:607		ILIKE '%%' semantics: a NULL title never matches, it can only
ORDINARY	NO-SUBJECT	comment	boltrig/store/memory.py:647		NOTHING): a replayed message id is a no-op, never a duplicate row.
ORDINARY	NO-SUBJECT	comment	boltrig/store/memory.py:666		is derived data, INSERTED here and never mutating any message row.
ORDINARY	NO-SUBJECT	comment	boltrig/store/memory.py:843		ever written back;
ORDINARY	NO-SUBJECT	comment	boltrig/store/memory.py:898		back;
ORDINARY	NO-SUBJECT	comment	boltrig/store/memory.py:927		returns False (fail-closed).
ORDINARY	NO-SUBJECT	comment	boltrig/store/observability_reads.py:33		so an item with a hatchet_run_id contributes ONLY that ref, never its id.
ORDINARY	NO-SUBJECT	comment	boltrig/store/password_resets.py:131		session revocation, and stale 2FA challenge deletion cannot split.
ORDINARY	NO-SUBJECT	comment	boltrig/store/postgres.py:1698		workspace-role guard).
ORDINARY	NO-SUBJECT	comment	boltrig/store/postgres.py:1724		Tenant-scoped: the WHERE binds tenant_id, so it can never return another
ORDINARY	NO-SUBJECT	docstring	boltrig/store/postgres.py:1747		Escape LIKE/ILIKE metacharacters so a user query is a pure substring match (US-CONV-10).
ORDINARY	NO-SUBJECT	comment	boltrig/store/postgres.py:177		here, not per call: a database that never ran rls.sql has no such role,
ORDINARY	NO-SUBJECT	comment	boltrig/store/postgres.py:178		and the fact cannot change without a deployment.
ORDINARY	NO-SUBJECT	comment	boltrig/store/postgres.py:222		A SECOND path: with_tenant opens its own transaction and never
ORDINARY	NO-SUBJECT	comment	boltrig/store/postgres.py:295		the in-memory store, so callers matching a workflow by id never see
ORDINARY	NO-SUBJECT	comment	boltrig/store/postgres.py:308		re-recording of the same run never bumps its start time forward).
ORDINARY	NO-SUBJECT	comment	boltrig/store/postgres.py:427		statement, FOR UPDATE SKIP LOCKED so concurrent claimers never block
ORDINARY	NO-SUBJECT	comment	boltrig/store/postgres.py:488		re-request never overwrites the original requester.
ORDINARY	NO-SUBJECT	comment	boltrig/store/postgres.py:532		CAS, so a concurrently answered request is never clobbered.
ORDINARY	NO-SUBJECT	comment	boltrig/store/postgres.py:737		Seal before persisting: credential_refs.data is ALWAYS an envelope
ORDINARY	NO-SUBJECT	comment	boltrig/store/postgres.py:738		(ciphertext), never plaintext (SEC-04).
ORDINARY	NO-SUBJECT	comment	boltrig/store/postgres.py:806		[2026] VJS-COUNTY 4) message's content, so a superseded turn is never a live
ORDINARY	NO-SUBJECT	comment	boltrig/store/postgres.py:913		is DERIVED data INSERTED here;
ORDINARY	NO-SUBJECT	comment	boltrig/store/postgres.py:945		One atomic transaction: a crash mid-purge cannot strand a conversation
ORDINARY	NO-SUBJECT	comment	boltrig/store/rls_pool.py:50		False when rls.sql was never applied, so this stays a no-op rather than
ORDINARY	NO-SUBJECT	docstring	boltrig/store/sealing.py:126		Seal a reference dict into its versioned envelope for at-rest storage.
ORDINARY	NO-SUBJECT	comment	boltrig/store/sealing.py:73		store layer may NOT import boltrig.config (SEC-54 stack boundary: config is an
ORDINARY	NO-SUBJECT	comment	boltrig/store/work_items.py:120		can only REMOVE rows from the already-scoped set - never resurrect a
ORDINARY	NO-SUBJECT	comment	boltrig/store/work_items.py:249		ONLY - never the hidden-alias subquery - so a filter can only NARROW
ORDINARY	NO-SUBJECT	comment	boltrig/store/work_items.py:250		the already-scoped, hidden-wins-deduped set, never widen it.
ORDINARY	NO-SUBJECT	comment	boltrig/work/store.py:22		cancelled run is never resurrected.
ORDINARY	NO-SUBJECT	comment	boltrig/workflows/control_flow.py:249		Excess items beyond the canonical cap are never dispatched: recorded
ORDINARY	NO-SUBJECT	docstring	boltrig/workflows/control_flow.py:87		Evaluate a declarative comparison.
ORDINARY	NO-SUBJECT	comment	boltrig/workflows/interpreter.py:150		step.
ORDINARY	NO-SUBJECT	comment	boltrig/workflows/interpreter.py:185		entry is only seeded when no step claims the name (fail-closed to the
ORDINARY	NO-SUBJECT	comment	boltrig/workflows/interpreter.py:186		author's graph, never shadowing it).
ORDINARY	NO-SUBJECT	comment	boltrig/workflows/interpreter.py:192		a child (fail-closed: its data genuinely never arrived).
ORDINARY	NO-SUBJECT	comment	boltrig/workflows/interpreter.py:235		resumed run;
ORDINARY	NO-SUBJECT	comment	boltrig/workflows/interpreter.py:256		A step with a failure-lineage parent cannot run (fail-closed).
ORDINARY	NO-SUBJECT	comment	boltrig/workflows/interpreter.py:279		cannot resolve.
ORDINARY	NO-SUBJECT	comment	boltrig/workflows/interpreter.py:351		dispatch, many ways to record the outcome (never a second path).
ORDINARY	NO-SUBJECT	docstring	boltrig/workflows/interpreter.py:81		Order steps so every parent precedes its children (Kahn's algorithm).
ORDINARY	NO-SUBJECT	comment	boltrig/workflows/library.py:212		itself guarantees depends on the executor - see
ORDINARY	NO-SUBJECT	comment	boltrig/workflows/library.py:41		working copies, never runnable: excluded from get/match/trigger/execute so a
ORDINARY	NO-SUBJECT	comment	boltrig/workflows/library.py:42		draft can never be selected, matched, or run.
ORDINARY	NO-SUBJECT	comment	boltrig/workflows/loop_execution.py:162		graphon's default so a single loop cannot fan an unbounded number of
ORDINARY	NO-SUBJECT	docstring	boltrig/workflows/loop_execution.py:167		The loop's declared parallel window, clamped;
ORDINARY	NO-SUBJECT	docstring	boltrig/workflows/loop_execution.py:240		One loop-body clone under the walk's gates, for parallel iteration.
ORDINARY	NO-SUBJECT	comment	boltrig/workflows/scheduler_loop.py:113		never change the outcome, and a failed write must not stall the loop.
ORDINARY	NO-SUBJECT	comment	boltrig/workflows/scheduler_loop.py:94		due rows cannot make its own inaction look like there was nothing due.
ORDINARY	NO-SUBJECT	docstring	boltrig/workflows/step_execution.py:191		A held HITL gate is a pause, not a failure - the run can resume.
ORDINARY	NO-SUBJECT	comment	boltrig/workflows/step_execution.py:292		COMPLETED prior record replays inside the kernel and never
ORDINARY	NO-SUBJECT	comment	boltrig/workflows/step_execution.py:357		Pauses are never retried and never strategy-absorbed: the
ORDINARY	NO-SUBJECT	compose	docker-compose.vm.yml:100		[/tmp]` from *app-hardening, and its rootfs is read_only, so it cannot
ORDINARY	NO-SUBJECT	compose	docker-compose.vm.yml:32		adapter then pins an address a v4-only container cannot route.
ORDINARY	NO-SUBJECT	compose	docker-compose.vm.yml:8		profile - the kernel then refuses to start rather than run an unproven sandbox
ORDINARY	NO-SUBJECT	compose	docker-compose.yml:100		than folklore: a NON-ROOT container cannot hold CAP_SETUID at all.
ORDINARY	NO-SUBJECT	compose	docker-compose.yml:116		survived intact.
ORDINARY	NO-SUBJECT	compose	docker-compose.yml:117		to the API, or sideways to a sibling, and cannot exec a setuid binary
ORDINARY	NO-SUBJECT	compose	docker-compose.yml:137		cell reaches a KNOWN slot path but cannot enumerate the set, and each slot is
ORDINARY	NO-SUBJECT	compose	docker-compose.yml:176		Stack-owned Herdr state only;
ORDINARY	NO-SUBJECT	compose	docker-compose.yml:181		Safe epoch marker only.
ORDINARY	NO-SUBJECT	compose	docker-compose.yml:233		read_only, so it cannot create it and dies with
ORDINARY	NO-SUBJECT	compose	docker-compose.yml:256		Reflection is the ONLY automatic memory writer in the stack: fleet/pump.py
ORDINARY	NO-SUBJECT	compose	docker-compose.yml:262		subsystem that never records anything looks identical to one switched off.
ORDINARY	NO-SUBJECT	compose	docker-compose.yml:269		BOLTRIG_REFLECT=1 in .env alone would always have worked.
ORDINARY	NO-SUBJECT	compose	docker-compose.yml:287		Stack-owned OpenCode state only;
ORDINARY	NO-SUBJECT	compose	docker-compose.yml:289		Stack-owned Browser Use CLI state only;
ORDINARY	NO-SUBJECT	compose	docker-compose.yml:296		The worker serves no HTTP, so this cannot be a URL probe - but it does
ORDINARY	NO-SUBJECT	compose	docker-compose.yml:351		This must not equal fleet-worker's browser root: both services start a
ORDINARY	NO-SUBJECT	compose	docker-compose.yml:400		hatchet-lite required auth/session config (it refuses to boot without a
ORDINARY	NO-SUBJECT	compose	docker-compose.yml:438		The Worker is the only first-party browser surface.
ORDINARY	NO-SUBJECT	compose	docker-compose.yml:467		never routed through it (residency) - that goes to local-model.
ORDINARY	NO-SUBJECT	compose	docker-compose.yml:512		Mount a local model cache so air-gapped boxes never reach the internet.
ORDINARY	NO-SUBJECT	compose	docker-compose.yml:557		Development compatibility only;
ORDINARY	NO-SUBJECT	compose	docker-compose.yml:590		Worker-authored channel provider config - it is never written here.
ORDINARY	NO-SUBJECT	compose	docker-compose.yml:609		THIS image, never the kernel's or the Python gateway's).
ORDINARY	NO-SUBJECT	compose	docker-compose.yml:709		a local gateway.
ORDINARY	SUBJECT-EXTERNAL	comment	boltrig/adapters/base.py:100	disabled	``disabled`` is for one-time/bearer-secret results that must never be
ORDINARY	SUBJECT-EXTERNAL	docstring	boltrig/adapters/builtin/channel_send.py:133	approval_notice	What the approver must be told before they approve (C3).
ORDINARY	SUBJECT-EXTERNAL	docstring	boltrig/adapters/builtin/channel_send.py:47	diversion	Kernel-side outbound delivery.
ORDINARY	SUBJECT-EXTERNAL	docstring	boltrig/adapters/builtin/script_base.py:66	argv	Run ``argv`` with an output cap and timeout termination.
ORDINARY	SUBJECT-EXTERNAL	docstring	boltrig/adapters/egress.py:227	httpx.AsyncClient	Return an ``httpx.AsyncClient`` whose TCP connections are pinned to an already-vetted IP (H2/SEC-61).
ORDINARY	SUBJECT-EXTERNAL	docstring	boltrig/adapters/loader.py:44	down	Load an adapter from ``module:factory``.
ORDINARY	SUBJECT-EXTERNAL	docstring	boltrig/api/bootstrap.py:401	codex_config	Construct and fully wire a Kernel (store, adapters, capabilities, invoker).
ORDINARY	SUBJECT-EXTERNAL	docstring	boltrig/api/logging_config.py:48	force	Install a root handler + formatter for this process.
ORDINARY	SUBJECT-EXTERNAL	docstring	boltrig/camera/cache.py:61	hardware_key	Return a local opaque binding, replacing it on hardware change.
ORDINARY	SUBJECT-EXTERNAL	docstring	boltrig/config/control_workflows.py:89	GENERATED	Save a non-runnable draft under the reserved id prefix (low-consequence).
ORDINARY	SUBJECT-EXTERNAL	comment	boltrig/config/manifest.py:178	APPROVAL_TIMEOUT_SECONDS_FLOOR	``APPROVAL_TIMEOUT_SECONDS_FLOOR`` and cannot resolve differently.
ORDINARY	SUBJECT-EXTERNAL	docstring	boltrig/config/spawn_rules.py:337	capability	Resolve one policy snapshot into effective skills/routing.
ORDINARY	SUBJECT-EXTERNAL	docstring	boltrig/emotion/tables.py:1	model.yaml	Load the emotion tables from ``libraries/emotion`` into engine dataclasses (EMO-5).
ORDINARY	SUBJECT-EXTERNAL	docstring	boltrig/emotion/tables.py:172	None	Load and validate the three emotion YAML tables, or ``None`` on ANY failure.
ORDINARY	SUBJECT-EXTERNAL	docstring	boltrig/fleet/anchor.py:68	DEFAULT_INTERVAL_SECONDS	The configured sweep interval (seconds), or :data:`DEFAULT_INTERVAL_SECONDS`.
ORDINARY	SUBJECT-EXTERNAL	docstring	boltrig/fleet/chat.py:364	cancelled	End a live chat turn's SSE stream cleanly on a server-side cancel ([2026] VJS-COUNTY 6, D5).
ORDINARY	SUBJECT-EXTERNAL	docstring	boltrig/fleet/codex_trusted_wall.py:49	BOLTRIG_CODEX_TRUSTED	Fail closed unless a lawful trusted-Codex posture holds (see module docstring).
ORDINARY	SUBJECT-EXTERNAL	docstring	boltrig/fleet/continuity.py:261	wrap_untrusted	Render the derived summary as a fixed, content-stable frame.
ORDINARY	SUBJECT-EXTERNAL	docstring	boltrig/fleet/domain/attested_assignment.py:37	attempt	Trusted facts; no binding, pin, attestation set, or set reference appears.
ORDINARY	SUBJECT-EXTERNAL	docstring	boltrig/fleet/hatchet_app.py:280	bootstrap	Build the Hatchet client + the three registered Boltrig tasks.
ORDINARY	SUBJECT-EXTERNAL	docstring	boltrig/fleet/infrastructure/cell_privilege.py:141	setuid	Empty the permitted, effective and inheritable sets via ``capset(2)``.
ORDINARY	SUBJECT-EXTERNAL	docstring	boltrig/fleet/infrastructure/cell_spawner.py:462	SCM_RIGHTS	Hand the pid and the three stdio descriptors back over the socketpair.
ORDINARY	SUBJECT-EXTERNAL	docstring	boltrig/fleet/infrastructure/codex_agent_runtime.py:286	agentMessage	The latest turn's assistant text, captured from the lifecycle stream.
ORDINARY	SUBJECT-EXTERNAL	docstring	boltrig/fleet/infrastructure/codex_cell_boundary.py:113	path	Ask the KERNEL whether our effective ids can write ``path``.
ORDINARY	SUBJECT-EXTERNAL	docstring	boltrig/fleet/infrastructure/codex_cell_boundary.py:292	execve	Refuse to run if any setuid/setgid binary survives in the image (J4).
ORDINARY	SUBJECT-EXTERNAL	docstring	boltrig/fleet/infrastructure/codex_model_proxy_server.py:254	function_call	Relay the upstream body, holding the ceiling and bridging the namespace.
ORDINARY	SUBJECT-EXTERNAL	docstring	boltrig/fleet/infrastructure/codex_read_only_phase.py:94	model_id	The read-only static profile compiled into the birth policy.
ORDINARY	SUBJECT-EXTERNAL	docstring	boltrig/fleet/infrastructure/codex_runtime_events.py:223	ThreadTokenUsage	Carry what the turn consumed onto the normalized event stream.
ORDINARY	SUBJECT-EXTERNAL	docstring	boltrig/fleet/infrastructure/codex_sandbox_engagement.py:63	refusal_detail	One proved statement that the sandbox refuses writes on THIS host.
ORDINARY	SUBJECT-EXTERNAL	docstring	boltrig/fleet/infrastructure/codex_trusted_proxy_support.py:152	pid_start_ticks	Read the child's real ``/proc`` identity (D3: observed, NOT SO_PEERCRED-attested).
ORDINARY	SUBJECT-EXTERNAL	docstring	boltrig/fleet/infrastructure/linux_peer_process_handle.py:87	SO_PEERPIDFD	Owned ``SO_PEERPIDFD`` result;
ORDINARY	SUBJECT-EXTERNAL	docstring	boltrig/fleet/infrastructure/model_proxy_peer_listener.py:238	execve	Translate the ``@name`` argv convention into a real abstract name.
ORDINARY	SUBJECT-EXTERNAL	docstring	boltrig/fleet/infrastructure/model_proxy_peer_registry.py:115	max_cells	Bounded registry with durable logical-cell tombstones.
ORDINARY	SUBJECT-EXTERNAL	docstring	boltrig/fleet/infrastructure/model_proxy_tool_ceiling.py:367	name	The wire name of a Responses-API tool entry, or None if it has no name.
ORDINARY	SUBJECT-EXTERNAL	docstring	boltrig/fleet/model_gateway.py:162	disabled	The gateway's readiness `(status, reason)` when no probe is armed.
ORDINARY	SUBJECT-EXTERNAL	docstring	boltrig/fleet/ports/grant_leases.py:17	expected_authority	Durable atomic operations; implementations must never persist raw bearers.
ORDINARY	SUBJECT-EXTERNAL	comment	boltrig/fleet/prompt_stack.py:79	GOVERNANCE_FLOOR	is in ``GOVERNANCE_FLOOR``, which that lane never sent.
ORDINARY	SUBJECT-EXTERNAL	docstring	boltrig/fleet/pump.py:672	hierarchy.tier2	Build the live org (CoS + heads + pump) from the manifest hierarchy (P7).
ORDINARY	SUBJECT-EXTERNAL	docstring	boltrig/fleet/reflection.py:1	pump.py	Post-run reflection: one lesson per terminal work item, and its evidence.
ORDINARY	SUBJECT-EXTERNAL	docstring	boltrig/fleet/runtime.py:178	BOLTRIG_ENABLE_LEGACY_RUNTIMES	The deterministic fallback for a runtime Boltrig cannot provide.
ORDINARY	SUBJECT-EXTERNAL	comment	boltrig/fleet/turn_executor_compat.py:11	on_behalf_bearer	executor never chokes on an unexpected keyword).
ORDINARY	SUBJECT-EXTERNAL	docstring	boltrig/fleet/workers.py:136	fn	Await ``fn`` directly.
ORDINARY	SUBJECT-EXTERNAL	docstring	boltrig/fleet/workers.py:158	KeyError	Start the registered task on the engine without waiting (US-EXE-02).
ORDINARY	SUBJECT-EXTERNAL	docstring	boltrig/fleet/workers.py:72	KeyError	Run the registered task body INLINE (awaited here, US-EXE-05).
ORDINARY	SUBJECT-EXTERNAL	docstring	boltrig/identity/password_reset.py:42	False	Run a sync or async notifier and make an explicit ``False`` fail closed.
ORDINARY	SUBJECT-EXTERNAL	docstring	boltrig/kernel/app.py:146	id	The streamable-HTTP answer for one JSON-RPC message.
ORDINARY	SUBJECT-EXTERNAL	docstring	boltrig/kernel/audit.py:72	seq	The ONE key a row at ``seq`` is allowed to verify under.
ORDINARY	SUBJECT-EXTERNAL	docstring	boltrig/kernel/channel_notify.py:71	source_route	Enqueue one outbox row per (matching pref, resolved subject, bound channel).
ORDINARY	SUBJECT-EXTERNAL	docstring	boltrig/kernel/channel_policy.py:1	allowed_chats	Opt-in policy controls for channel intake.
ORDINARY	SUBJECT-EXTERNAL	comment	boltrig/kernel/channel_principal.py:26	self_onboard	channel's ``self_onboard`` config naming any other role is rejected fail-closed
ORDINARY	SUBJECT-EXTERNAL	docstring	boltrig/kernel/channel_routes.py:193	subject	The EXACTLY-ONE pending HITL request addressed to ``subject`` whose work item's reply route is this channel+thread, else None: zero matches (nothing to answer) or several (ambiguous) both fall back to normal intake.
ORDINARY	SUBJECT-EXTERNAL	docstring	boltrig/kernel/dispatch.py:227	context.run_id	Publish a HITL pause to this run AND to the run that delegated to it.
ORDINARY	SUBJECT-EXTERNAL	docstring	boltrig/kernel/dispatch.py:307	question	Create a QUESTION HITL, emit a ``question`` run event, and pause the run (US-CHAT-12).
ORDINARY	SUBJECT-EXTERNAL	comment	boltrig/kernel/dispatch.py:425	result_summary	``result_summary`` keys (K-20), never the raw output.
ORDINARY	SUBJECT-EXTERNAL	docstring	boltrig/kernel/events.py:220	since	Yield events for a stream: the backlog first (re-attach), then live events until the stream is closed.
ORDINARY	SUBJECT-EXTERNAL	docstring	boltrig/kernel/familiar_phenotype_routes.py:1	boltrig.emotion	GET /v1/familiar/phenotype - the Worker surface's read of the emotion add-on.
ORDINARY	SUBJECT-EXTERNAL	docstring	boltrig/kernel/hands_registry.py:1	asyncio.Event	The pending desktop-command registry (decision 0016, DH-1).
ORDINARY	SUBJECT-EXTERNAL	docstring	boltrig/kernel/held_call.py:117	hitl_requests	Name the lane that will redeem an approval minted for THIS call, else None.
ORDINARY	SUBJECT-EXTERNAL	docstring	boltrig/kernel/held_call.py:359	paused	Retire a held call: drop the seal and mark its checkpoints spent.
ORDINARY	SUBJECT-EXTERNAL	comment	boltrig/kernel/platform_routes/observability.py:212	external_ref	never widen visibility.
ORDINARY	SUBJECT-EXTERNAL	comment	boltrig/kernel/questions.py:42	secure	``secure`` + ``purpose`` ask for a value the AGENT never sees (SEC-181): the
ORDINARY	SUBJECT-EXTERNAL	docstring	boltrig/kernel/run_access.py:283	max_nodes	Reconstruct the durable subagent topology under a root run, or None.
ORDINARY	SUBJECT-EXTERNAL	docstring	boltrig/kernel/schema_diagnosis.py:172	properties	The failing field's NAME, taken from the schema path.
ORDINARY	SUBJECT-EXTERNAL	docstring	boltrig/kernel/schema_diagnosis.py:195	entities	Turn value-free findings into something a caller can act on.
ORDINARY	SUBJECT-EXTERNAL	docstring	boltrig/kernel/sensing_capability.py:196	None	Why presence cannot be turned on, or ``None`` when it can.
ORDINARY	SUBJECT-EXTERNAL	docstring	boltrig/kernel/sensing_capability.py:61	CAMERAD_HOLDS_DEVICE	One reason code per refusal, shared by the kernel, the daemons and the UI.
ORDINARY	SUBJECT-EXTERNAL	docstring	boltrig/kernel/sensing_policy.py:176	threshold	The kernel's record of the enrolled face.
ORDINARY	SUBJECT-EXTERNAL	comment	boltrig/kernel/sensing_policy.py:50	agentic.approval_posture	: same way it already refuses ``agentic.approval_posture``: a validated route
ORDINARY	SUBJECT-EXTERNAL	docstring	boltrig/memory/projection_retry.py:1	projections.py	The inline fanout's bounded retry + outcome-row machinery (task #40).
ORDINARY	SUBJECT-EXTERNAL	docstring	boltrig/models/errors.py:251	opbox.add_comment	A gated verb was dispatched on a lane that could not redeem its approval.
ORDINARY	SUBJECT-EXTERNAL	comment	boltrig/models/errors.py:50	errors	CALLER-ONLY, and never audited.
ORDINARY	SUBJECT-EXTERNAL	docstring	boltrig/models/errors.py:75	entities	What the CALLER is told: enough to correct the call and retry.
ORDINARY	SUBJECT-EXTERNAL	comment	boltrig/models/libraries.py:28	stt	``stt`` and ``tts`` are separate so a transcription adapter can never be
ORDINARY	SUBJECT-EXTERNAL	docstring	boltrig/skills/loader.py:134	locale	Resolve the ``locale`` variant of ``base_id``, else the default (US-SKL-03).
ORDINARY	SUBJECT-EXTERNAL	docstring	boltrig/skills/loader.py:30	extends	A skill (or one of its ``extends`` ancestors) is not in the store.
ORDINARY	SUBJECT-EXTERNAL	comment	boltrig/store/base.py:270	match_parent	plus that workspace's rows, fail-closed);
ORDINARY	SUBJECT-EXTERNAL	comment	boltrig/store/base.py:614	level	never the raw key.
ORDINARY	SUBJECT-EXTERNAL	docstring	boltrig/store/postgres.py:158	apply_schema	Open the durable store.
ORDINARY	SUBJECT-EXTERNAL	docstring	boltrig/store/postgres.py:374	_still_leased	Write the row ONLY if it still carries the lease the caller was given.
ORDINARY	SUBJECT-EXTERNAL	docstring	boltrig/store/tenant_scope.py:83	pool	Whether statements on ``pool``'s connections must drop to ``boltrig_app``.
ORDINARY	SUBJECT-EXTERNAL	docstring	boltrig/work/store.py:105	cap	Persist discovered child items and write them back, capped (US-WRK-04).
ORDINARY	SUBJECT-EXTERNAL	docstring	boltrig/workflows/control_flow.py:172	flow.branch	Pick the branch label a ``flow.branch`` step records.
ORDINARY	SUBJECT-EXTERNAL	docstring	boltrig/workflows/control_flow.py:268	branch	Whether a step's declared ``branch`` is satisfied by its parents' outputs.
ORDINARY	SUBJECT-EXTERNAL	docstring	boltrig/workflows/loop_execution.py:175	None	Extract per-iteration clone groups for parallel execution.
ORDINARY	SUBJECT-EXTERNAL	docstring	boltrig/workflows/scheduler_loop.py:40	next_due_at	Schedules whose stored ``next_due_at`` has passed.
ORDINARY	SUBJECT-REACHED	docstring	boltrig/adapters/builtin/desktop.py:1	HandsRegistry	The desktop-hands adapter (source = 'builtin'), binding DH-1.
ORDINARY	SUBJECT-REACHED	comment	boltrig/adapters/builtin/fish_audio.py:203	bearer_token	Fail closed before the request is built: when `bearer_token` yields None
ORDINARY	SUBJECT-REACHED	docstring	boltrig/adapters/builtin/local_whisper.py:1	allow_internal	Local whisper.cpp STT as a governed Boltrig verb.
ORDINARY	SUBJECT-REACHED	comment	boltrig/adapters/builtin/local_whisper.py:134	bearer_token	Requiring `bearer_token` here would fail closed on the one provider that is
ORDINARY	SUBJECT-REACHED	docstring	boltrig/adapters/builtin/local_whisper.py:189	allow_internal	Multipart upload the base's JSON ``request()`` cannot carry.
ORDINARY	SUBJECT-REACHED	docstring	boltrig/adapters/builtin/pocket_voice.py:195	allow_internal	The same raw path the vendor siblings use: the base's JSON ``request()`` cannot carry raw audio bytes back from TTS.
ORDINARY	SUBJECT-REACHED	docstring	boltrig/adapters/egress.py:106	allow_internal	Return a refusal reason if the fetch is not permitted, else ``None``.
ORDINARY	SUBJECT-REACHED	docstring	boltrig/adapters/egress.py:157	pinned_async_client	Resolve the URL's host and refuse it (raise) if the egress guard says so.
ORDINARY	SUBJECT-REACHED	docstring	boltrig/adapters/egress.py:172	EgressBlocked	Resolve ``url``'s host ONCE, run the full egress policy over every returned IPv4/IPv6 address, and return ``(host, vetted_ip)`` - the IP the connection must be pinned to.
ORDINARY	SUBJECT-REACHED	docstring	boltrig/adapters/egress.py:214	EgressBlocked	Vet ``url`` and return an ``httpx.AsyncHTTPTransport`` pinned to the audited IP (H2/SEC-61).
ORDINARY	SUBJECT-REACHED	docstring	boltrig/adapters/egress.py:245	EgressBlocked	Vet ``url`` and return an ``httpx.AsyncClient`` pinned to the audited IP so httpx cannot re-resolve to a different (internal) address (H2/SEC-61).
ORDINARY	SUBJECT-REACHED	docstring	boltrig/adapters/egress.py:282	pinned_async_client	Vet ``url`` and return a synchronous ``httpx.Client`` pinned to the audited IP - the sync counterpart of :func:`pinned_async_client` (H2/SEC-61).
ORDINARY	SUBJECT-REACHED	docstring	boltrig/adapters/generator.py:1	GeneratedAdapter.render_source	Deterministic OpenAPI -> adapter generator (US-ADP-01, SEC-22).
ORDINARY	SUBJECT-REACHED	docstring	boltrig/adapters/mcp_transport.py:109	egress.EgressBlocked	The SSRF-pinned client for this server (H2/SEC-61): vetted and pinned to the audited IP, ``follow_redirects=False``.
ORDINARY	SUBJECT-REACHED	docstring	boltrig/adapters/mcp_transport.py:85	allow_internal	One MCP server's HTTP transport: the pinned client, header conventions, the lazy handshake, the server-issued session id, and SSE decoding.
ORDINARY	SUBJECT-REACHED	docstring	boltrig/api/codex_execution.py:1	shadow_admit	Flag-gated composition of the Codex read-only execution stack.
ORDINARY	SUBJECT-REACHED	docstring	boltrig/api/codex_trusted.py:111	assert_cell_isolation_boundary	Prove the read-only sandbox ENGAGES here, before composing anything on it.
ORDINARY	SUBJECT-REACHED	docstring	boltrig/api/platform_bootstrap.py:51	control.set_admin	The distill adapter's craft gate uses the composition-owned EvalRunner (never constructing its own spawner - the CODEX-COMPOSITION-1 source gate);
ORDINARY	SUBJECT-REACHED	docstring	boltrig/config/control_rehydrate.py:1	api.bootstrap._rehydrate_store_adapters	Rebuilding a live adapter instance from its persisted store row.
ORDINARY	SUBJECT-REACHED	comment	boltrig/config/manifest.py:216	_tighten_cap	cap (min(default, manifest)), never loosen it (see ``_tighten_cap`` below).
ORDINARY	SUBJECT-REACHED	docstring	boltrig/config/manifest.py:262	_parse_chat	Bare chat-turn authority ([2026] VJS-COUNTY 1): which skill set a bare chat turn spawns with, per caller role.
ORDINARY	SUBJECT-REACHED	docstring	boltrig/config/manifest.py:612	dev_posture.posture_block	Parse ``development_posture`` into a ``dev_posture.DevelopmentPosture``.
ORDINARY	SUBJECT-REACHED	docstring	boltrig/config/manifest_reconcile.py:88	BulkCapabilityDeactivationError	Compute the plan and enforce the mass-deactivation guard BEFORE any write.
ORDINARY	SUBJECT-REACHED	docstring	boltrig/config/weak_secrets.py:52	is_weak_secret	True when ``value`` is absent, a known placeholder, or obviously unfilled.
ORDINARY	SUBJECT-REACHED	docstring	boltrig/distill/adapter.py:159	allow_internal	JSON call to the fixed operator-configured sidecar.
ORDINARY	SUBJECT-REACHED	docstring	boltrig/emotion/engine.py:1	now	The pure affective engine: emotions, needs, mood and tension over time (EMO-3).
ORDINARY	SUBJECT-REACHED	docstring	boltrig/emotion/engine.py:197	now	Apply the ``kind`` appraisal's deltas, scaled by ``intensity``.
ORDINARY	SUBJECT-REACHED	docstring	boltrig/emotion/engine.py:220	now	The ten observable scalars (each 0..1), after decaying state to ``now``.
ORDINARY	SUBJECT-REACHED	docstring	boltrig/emotion/engine.py:266	tick	Rebuild an engine from a :meth:`snapshot` mapping, tolerantly.
ORDINARY	SUBJECT-REACHED	docstring	boltrig/fleet/__init__.py:1	kernel.set_agent_invoker	The Boltrig agent fleet (Epic FLT).
ORDINARY	SUBJECT-REACHED	docstring	boltrig/fleet/application/assignment_admission.py:58	GrantLeaseBinding.from_execution_assignment	The sole atomic, total path from trusted facts to an attested assignment.
ORDINARY	SUBJECT-REACHED	docstring	boltrig/fleet/chat.py:264	store.mark_message_superseded	Regenerate the last assistant reply (append-plus-supersede, [2026] VJS-COUNTY 4).
ORDINARY	SUBJECT-REACHED	docstring	boltrig/fleet/chat.py:343	regenerate_turn	Carry out the write a human approved, on the turn that asked for it (decision 0018, Order 4).
ORDINARY	SUBJECT-REACHED	docstring	boltrig/fleet/chief_of_staff.py:81	work_item	Return the department name that should own ``work_item``.
ORDINARY	SUBJECT-REACHED	docstring	boltrig/fleet/codex_runtime.py:310	UnavailableRuntime	Construct the trusted read-only Codex runtime, or a typed unavailable one.
ORDINARY	SUBJECT-REACHED	docstring	boltrig/fleet/hatchet_app.py:167	HatchetExecutor	Run a stored workflow through the interpreter with BOTH durability seams wired (NFR-REL-02): each step dispatches inside its own ``executor.run_step`` boundary AND the checkpoint seam replays completed steps, so a re-run
ORDINARY	SUBJECT-REACHED	docstring	boltrig/fleet/hatchet_app.py:243	register_task	Register the task bodies on an executor with a ``register_task`` seam (the LocalDurableExecutor): the offline carriage of the same bodies the Hatchet worker serves (US-EXE-05).
ORDINARY	SUBJECT-REACHED	docstring	boltrig/fleet/infrastructure/cell_process.py:1	CodexCellSupervisor	Drive a spawner-created cell from the unprivileged API ([2026] VJS-CC-VJS 7 J1).
ORDINARY	SUBJECT-REACHED	docstring	boltrig/fleet/infrastructure/cell_spawner.py:326	_require_projected_file	The ownership/mode leg of validate_cell_layout, run by the cell uid itself.
ORDINARY	SUBJECT-REACHED	docstring	boltrig/fleet/infrastructure/codex_client_support.py:205	send_request	Write a client->server RESPONSE to a server-initiated request.
ORDINARY	SUBJECT-REACHED	docstring	boltrig/fleet/infrastructure/codex_kernel_tools_phase.py:140	knowledge.search	The exact model-facing NESTED tool name for a kernel verb.
ORDINARY	SUBJECT-REACHED	docstring	boltrig/fleet/infrastructure/codex_protocol.py:327	_decode_object	Encode a client->server RESPONSE to a server-initiated request.
ORDINARY	SUBJECT-REACHED	docstring	boltrig/fleet/infrastructure/codex_read_only_phase.py:1	read_only_static_profile	The shared read-only Codex phase contract (adapter <-> admission source).
ORDINARY	SUBJECT-REACHED	docstring	boltrig/fleet/infrastructure/codex_runtime_config_argv.py:194	codex_app_server_arguments	Gate the SHAPE of an argv at a boundary that cannot see the receipt.
ORDINARY	SUBJECT-REACHED	docstring	boltrig/fleet/infrastructure/codex_runtime_validation.py:1	AgentRuntime	Fail-closed validation at the Codex ``AgentRuntime`` boundary.
ORDINARY	SUBJECT-REACHED	docstring	boltrig/fleet/infrastructure/codex_sandbox_engagement.py:1	QuarantinedCodexPreflightReceipt.production_complete	Prove the read-only filesystem sandbox ENGAGES on this host, or refuse to start.
ORDINARY	SUBJECT-REACHED	docstring	boltrig/fleet/infrastructure/memory_capability_attestations.py:31	resolve	Serializable non-evicting reference adapter with bounded backpressure.
ORDINARY	SUBJECT-REACHED	docstring	boltrig/fleet/infrastructure/model_proxy_peer_listener.py:97	bind	Bind either an abstract ``@name`` or a filesystem path.
ORDINARY	SUBJECT-REACHED	docstring	boltrig/fleet/infrastructure/model_proxy_tool_ceiling.py:167	enforce_tool_ceiling	Enforce the ceiling on the RESPONSE and reattach the MCP namespace.
ORDINARY	SUBJECT-REACHED	docstring	boltrig/fleet/infrastructure/model_proxy_tool_ceiling.py:209	ToolCeilingViolation	Consume a raw response chunk; return the processed bytes to relay.
ORDINARY	SUBJECT-REACHED	docstring	boltrig/fleet/infrastructure/postgres_capability_attestations.py:26	resolve	Durable insert-once capability-attestation store backed by PostgreSQL.
ORDINARY	SUBJECT-REACHED	docstring	boltrig/fleet/model_gateway.py:113	endpoint	Route a resolved endpoint through the gateway for a conversation.
ORDINARY	SUBJECT-REACHED	docstring	boltrig/fleet/model_router.py:1	SensitiveDataMisrouted	The model-endpoint router guard (US-PRIV-01, SEC-12).
ORDINARY	SUBJECT-REACHED	docstring	boltrig/fleet/pump.py:140	WorkItem	Persist a step's discovered follow-on work as PENDING children (D7).
ORDINARY	SUBJECT-REACHED	comment	boltrig/fleet/pump.py:77	_maybe_learn	defined here, read once below, and set only by tests, so `_maybe_learn` has never fired
ORDINARY	SUBJECT-REACHED	docstring	boltrig/fleet/pump_progress.py:93	WorkPump	The pump's serving loop, instrumented.
ORDINARY	SUBJECT-REACHED	docstring	boltrig/fleet/retention.py:108	run_retention_once	Loop :func:`run_retention_once` forever; cancellable, idle-sleeping.
ORDINARY	SUBJECT-REACHED	docstring	boltrig/fleet/runtime_resolver.py:314	kernel.mcp.issue_run_token	The injected trusted-Codex config, gated ONLY on ``capability.runtime``.
ORDINARY	SUBJECT-REACHED	docstring	boltrig/fleet/spawn.py:520	Spawner	Construct the fleet ``Spawner`` for a kernel.
ORDINARY	SUBJECT-REACHED	docstring	boltrig/fleet/sweep_progress.py:1	pending	Make a stalled loop distinguishable from an idle one.
ORDINARY	SUBJECT-REACHED	docstring	boltrig/identity/auth.py:331	OidcVerifier	Build a ``PrincipalResolver`` backed by Cloudflare Access (zero-trust edge).
ORDINARY	SUBJECT-REACHED	docstring	boltrig/identity/auth.py:386	build_principal_resolver	Header-trusting resolver for LOCAL DEV ONLY (mirrors the kernel default).
ORDINARY	SUBJECT-REACHED	docstring	boltrig/identity/rbac.py:224	narrow_grants_to_workspace	The verb-grant ceiling for a workspace role (D11), or ``None`` when the role has no namespace ceiling (``viewer``, handled by :func:`narrow_grants_to_workspace`, and any unknown role, which fails closed).
ORDINARY	SUBJECT-REACHED	docstring	boltrig/identity/sessions.py:216	list_workspaces_for_user	Re-authorize a session's active workspace against CURRENT membership (D4).
ORDINARY	SUBJECT-REACHED	docstring	boltrig/identity/sessions.py:257	request.state	Build the first-party session ``PrincipalResolver`` (D3).
ORDINARY	SUBJECT-REACHED	docstring	boltrig/kernel/approval_gate.py:131	held_call.name_redeemer	Refuse to MINT an approval no lane could ever redeem (decision 0018, Order 5).
ORDINARY	SUBJECT-REACHED	docstring	boltrig/kernel/camera_agent_routes.py:273	parse_enrollment	Record the enrolled face as KERNEL data, published by the host agent.
ORDINARY	SUBJECT-REACHED	docstring	boltrig/kernel/channel_notify.py:126	eligible_approval_responders	Enqueue an APPROVAL request's notice to every eligible approver.
ORDINARY	SUBJECT-REACHED	docstring	boltrig/kernel/channel_policy.py:88	authority.context_for	Stamp the resolved narrowing onto the durable work item.
ORDINARY	SUBJECT-REACHED	docstring	boltrig/kernel/events.py:173	max_seq	Record an event and fan it out to current subscribers (non-blocking).
ORDINARY	SUBJECT-REACHED	docstring	boltrig/kernel/events.py:205	chat._safe_exec	Re-open a closed stream so a continuation can be published to it.
ORDINARY	SUBJECT-REACHED	docstring	boltrig/kernel/held_call.py:143	_emit_pause	Record the pause durably: the ``held:`` checkpoint plus the sealed call.
ORDINARY	SUBJECT-REACHED	docstring	boltrig/kernel/held_call.py:264	held_write_is_waiting	Whether ANY held call is still paused on this run, whichever request it is.
ORDINARY	SUBJECT-REACHED	docstring	boltrig/kernel/held_call.py:84	dispatch._emit_pause	The run a pause belongs to: the run that DELEGATED to this one if any.
ORDINARY	SUBJECT-REACHED	docstring	boltrig/kernel/hitl.py:155	enqueue_approval_fanout	Best-effort channel notice to the humans who must act (SEC-179): enqueue to the subject's bound surface per their notification_prefs - and, for an APPROVAL, to every eligible approver (``enqueue_approval_fanout``: notice
ORDINARY	SUBJECT-REACHED	docstring	boltrig/kernel/hitl.py:247	consume_approved_by	Fire the resume notifier with the answered request, fail-safe (P9): the recorded answer is the truth; a notifier fault never voids it.
ORDINARY	SUBJECT-REACHED	docstring	boltrig/kernel/hitl.py:90	HITLRequest	Attach the answer -> resume bridge (NFR-REL-03): a callable (sync or async) fired with the answered :class:`HITLRequest`.
ORDINARY	SUBJECT-REACHED	docstring	boltrig/kernel/hitl_expiry.py:1	run_hitl_expiry_forever	Periodic HITL timeout enforcement (SEC-14) - the expiry sweep janitor.
ORDINARY	SUBJECT-REACHED	docstring	boltrig/kernel/hitl_response_auth.py:250	_notify_request	The users who may lawfully answer this APPROVAL request right now.
ORDINARY	SUBJECT-REACHED	docstring	boltrig/kernel/ratelimit.py:1	RedisCounter	Rate limiting (FR-KER-05, US-KER-04).
ORDINARY	SUBJECT-REACHED	docstring	boltrig/kernel/sensing_capability.py:158	status	Answer a request for a sensing capability, with a REASON.
ORDINARY	SUBJECT-REACHED	docstring	boltrig/kernel/sensing_capability.py:210	capabilities	The owner-facing projection.
ORDINARY	SUBJECT-REACHED	docstring	boltrig/kernel/sensing_policy.py:215	approval_posture_for	Every sensing setting for one user, parsed and defaulted.
ORDINARY	SUBJECT-REACHED	docstring	boltrig/kernel/sensing_routes.py:1	sensing_capability	Owner-facing routes for the camera and presence services.
ORDINARY	SUBJECT-REACHED	docstring	boltrig/kernel/sensing_routes.py:72	validated_capability_routes	Is this camera one the device agent actually published? Mirrors ``validated_capability_routes`` refusing an endpoint id with no ``model_endpoints`` row: a camera id nobody advertised is refused AT WRITE TIME, not discove
ORDINARY	SUBJECT-REACHED	comment	boltrig/models/access.py:71	workspace_id	never set it).
ORDINARY	SUBJECT-REACHED	docstring	boltrig/models/channels.py:1	kernel.invoke	Channel gateway domain (Channels feature; decision 0003, VJS First Instance).
ORDINARY	SUBJECT-REACHED	docstring	boltrig/models/context.py:48	InvocationContext	Serialise an :class:`InvocationContext` to a JSON-safe dict.
ORDINARY	SUBJECT-REACHED	docstring	boltrig/models/context.py:76	InvocationContext	Reconstruct the :class:`InvocationContext` a replayed call re-enters the chokepoint with.
ORDINARY	SUBJECT-REACHED	docstring	boltrig/models/errors.py:210	ModelEndpointUnavailable	A declared sensing capability is off, unbound, or out of policy.
ORDINARY	SUBJECT-REACHED	docstring	boltrig/models/tenancy.py:69	workspace_id	A workspace belonging to an org (D2).
ORDINARY	SUBJECT-REACHED	docstring	boltrig/skills/loader.py:84	Skill	Return a flattened :class:`Skill` with inheritance merged (US-SKL-02).
ORDINARY	SUBJECT-REACHED	docstring	boltrig/skills/schema.py:1	parse_skill	Parse and validate a skill from its YAML library shape (S7.4, US-SKL-01).
ORDINARY	SUBJECT-REACHED	docstring	boltrig/store/channel_dedup.py:1	ChannelDedupStorePG	Channel delivery dedup store domain (decision 0003, Phase 2; M3/SEC-66).
ORDINARY	SUBJECT-REACHED	comment	boltrig/store/memory.py:632	restore_closed_conversation	`restore_closed_conversation` never upserts;
ORDINARY	SUBJECT-REACHED	docstring	boltrig/store/sealing.py:139	CredentialResolution	Unseal an envelope back to the original reference dict.
ORDINARY	SUBJECT-REACHED	docstring	boltrig/work/normalise.py:58	decide_mode	Turn a raw source payload into a :class:`WorkItem` (US-WRK-01).
ORDINARY	SUBJECT-REACHED	docstring	boltrig/work/queue.py:1	decide_mode	Source queue adapters and the confidence scorer (S7.7, US-WRK-02).
ORDINARY	SUBJECT-REACHED	docstring	boltrig/workflows/control_flow.py:148	_compare	Evaluate one multi-case branch case: a condition list joined and/or.
ORDINARY	SUBJECT-REACHED	docstring	boltrig/workflows/control_flow.py:345	exception	Collapse per-item clone results back onto each original body step id so the run record (keyed by original step id) reflects the iteration.
ORDINARY	SUBJECT-REACHED	docstring	boltrig/workflows/generator.py:120	learn_from_success	Prefer a matched (learned/precreated/generated) workflow, else synthesise.
ORDINARY	SUBJECT-REACHED	docstring	boltrig/workflows/library.py:1	WorkflowLibrary	The workflow library: register, look up, intent-match and trigger (US-WFL-01).
ORDINARY	SUBJECT-REACHED	docstring	boltrig/workflows/library.py:242	executor.run_step	Interpret a stored workflow: run its steps through the chokepoint.
ORDINARY	SUBJECT-REACHED	docstring	boltrig/workflows/loop_execution.py:155	fail	The loop's declared item-error mode;
ORDINARY	SUBJECT-REACHED	docstring	boltrig/workflows/scheduler_loop.py:1	reconcile_workflow_schedules	The workflow scheduler's forever-loop, and the progress it publishes.
ORDINARY	SUBJECT-REACHED	docstring	boltrig/workflows/step_execution.py:1	IdempotencyConflict	Capability-step execution for the workflow interpreter (DAG parity).
ORDINARY	SUBJECT-REACHED	docstring	boltrig/workflows/step_execution.py:106	fail	The step's declared error strategy;
